"Step","still-disco-8 - global_step","still-disco-8 - global_step__MIN","still-disco-8 - global_step__MAX"
"302","1","1","1"
"303","54","54","54"
"304","54","54","54"
"305","54","54","54"
"306","16384","16384","16384"
"307","16384","16384","16384"
"308","16384","16384","16384"
"625","16384","16384","16384"
"626","32768","32768","32768"
"627","32768","32768","32768"
"628","32768","32768","32768"
"629","32768","32768","32768"
"630","49152","49152","49152"
"631","49152","49152","49152"
"632","49152","49152","49152"
"920","49152","49152","49152"
"921","65536","65536","65536"
"922","65536","65536","65536"
"923","65536","65536","65536"
"924","65536","65536","65536"
"925","81920","81920","81920"
"926","81920","81920","81920"
"927","81920","81920","81920"
"955","81920","81920","81920"
"956","98304","98304","98304"
"957","98304","98304","98304"
"958","98304","98304","98304"
"1272","98304","98304","98304"
"1273","114688","114688","114688"
"1274","114688","114688","114688"
"1275","114688","114688","114688"
"1276","114688","114688","114688"
"1277","131072","131072","131072"
"1278","131072","131072","131072"
"1279","131072","131072","131072"
"1589","131072","131072","131072"
"1590","147456","147456","147456"
"1591","147456","147456","147456"
"1592","147456","147456","147456"
"1593","147456","147456","147456"
"1594","163840","163840","163840"
"1595","163840","163840","163840"
"1596","163840","163840","163840"
"1604","163840","163840","163840"
"1605","180224","180224","180224"
"1606","180224","180224","180224"
"1607","180224","180224","180224"
"1925","180224","180224","180224"
"1926","196608","196608","196608"
"1927","196608","196608","196608"
"1928","196608","196608","196608"
"1929","196608","196608","196608"
"1930","212992","212992","212992"
"1931","212992","212992","212992"
"1932","212992","212992","212992"
"2251","212992","212992","212992"
"2252","229376","229376","229376"
"2253","229376","229376","229376"
"2254","229376","229376","229376"
"2255","229376","229376","229376"
"2256","245760","245760","245760"
"2257","245760","245760","245760"
"2258","245760","245760","245760"
"2521","245760","245760","245760"
"2522","262144","262144","262144"
"2523","262144","262144","262144"
"2524","262144","262144","262144"
"2525","262144","262144","262144"
"2526","278528","278528","278528"
"2527","278528","278528","278528"
"2528","278528","278528","278528"
"2579","278528","278528","278528"
"2580","294912","294912","294912"
"2581","294912","294912","294912"
"2582","294912","294912","294912"
"2898","294912","294912","294912"
"2899","311296","311296","311296"
"2900","311296","311296","311296"
"2901","311296","311296","311296"
"2902","311296","311296","311296"
"2903","327680","327680","327680"
"2904","327680","327680","327680"
"2905","327680","327680","327680"
"3181","327680","327680","327680"
"3182","344064","344064","344064"
"3183","344064","344064","344064"
"3184","344064","344064","344064"
"3185","344064","344064","344064"
"3186","360448","360448","360448"
"3187","360448","360448","360448"
"3188","360448","360448","360448"
"3228","360448","360448","360448"
"3229","376832","376832","376832"
"3230","376832","376832","376832"
"3231","376832","376832","376832"
"3547","376832","376832","376832"
"3548","393216","393216","393216"
"3549","393216","393216","393216"
"3550","393216","393216","393216"
"3551","393216","393216","393216"
"3552","409600","409600","409600"
"3553","409600","409600","409600"
"3554","409600","409600","409600"
"3844","409600","409600","409600"
"3845","425984","425984","425984"
"3846","425984","425984","425984"
"3847","425984","425984","425984"
"3848","425984","425984","425984"
"3849","442368","442368","442368"
"3850","442368","442368","442368"
"3851","442368","442368","442368"
"3882","442368","442368","442368"
"3883","458752","458752","458752"
"3884","458752","458752","458752"
"3885","458752","458752","458752"
"4200","458752","458752","458752"
"4201","475136","475136","475136"
"4202","475136","475136","475136"
"4203","475136","475136","475136"
"4204","475136","475136","475136"
"4205","491520","491520","491520"
"4206","491520","491520","491520"
"4207","491520","491520","491520"
"4504","491520","491520","491520"
"4505","507904","507904","507904"
"4506","507904","507904","507904"
"4507","507904","507904","507904"
"4508","507904","507904","507904"
"4509","524288","524288","524288"
"4510","524288","524288","524288"
"4511","524288","524288","524288"
"4528","524288","524288","524288"
"4529","540672","540672","540672"
"4530","540672","540672","540672"
"4531","540672","540672","540672"
"4847","540672","540672","540672"
"4848","557056","557056","557056"
"4849","557056","557056","557056"
"4850","557056","557056","557056"
"4851","557056","557056","557056"
"4852","573440","573440","573440"
"4853","573440","573440","573440"
"4854","573440","573440","573440"
"5165","573440","573440","573440"
"5166","589824","589824","589824"
"5167","589824","589824","589824"
"5168","589824","589824","589824"
"5169","589824","589824","589824"
"5170","606208","606208","606208"
"5171","606208","606208","606208"
"5172","606208","606208","606208"
"5178","606208","606208","606208"
"5179","622592","622592","622592"
"5180","622592","622592","622592"
"5181","622592","622592","622592"
"5497","622592","622592","622592"
"5498","638976","638976","638976"
"5499","638976","638976","638976"
"5500","638976","638976","638976"
"5501","638976","638976","638976"
"5502","655360","655360","655360"
"5503","655360","655360","655360"
"5504","655360","655360","655360"
"5821","655360","655360","655360"
"5822","671744","671744","671744"
"5823","671744","671744","671744"
"5824","671744","671744","671744"
"5825","671744","671744","671744"
"5826","688128","688128","688128"
"5827","688128","688128","688128"
"5828","688128","688128","688128"
"6093","688128","688128","688128"
"6094","704512","704512","704512"
"6095","704512","704512","704512"
"6096","704512","704512","704512"
"6097","704512","704512","704512"
"6098","720896","720896","720896"
"6099","720896","720896","720896"
"6100","720896","720896","720896"
"6156","720896","720896","720896"
"6157","737280","737280","737280"
"6158","737280","737280","737280"
"6159","737280","737280","737280"
"6474","737280","737280","737280"
"6475","753664","753664","753664"
"6476","753664","753664","753664"
"6477","753664","753664","753664"
"6478","753664","753664","753664"
"6479","770048","770048","770048"
"6480","770048","770048","770048"
"6481","770048","770048","770048"
"6754","770048","770048","770048"
"6755","786432","786432","786432"
"6756","786432","786432","786432"
"6757","786432","786432","786432"
"6758","786432","786432","786432"
"6759","802816","802816","802816"
"6760","802816","802816","802816"
"6761","802816","802816","802816"
"6801","802816","802816","802816"
"6802","819200","819200","819200"
"6803","819200","819200","819200"
"6804","819200","819200","819200"
"7119","819200","819200","819200"
"7120","835584","835584","835584"
"7121","835584","835584","835584"
"7122","835584","835584","835584"
"7123","835584","835584","835584"
"7124","851968","851968","851968"
"7125","851968","851968","851968"
"7126","851968","851968","851968"
"7413","851968","851968","851968"
"7414","868352","868352","868352"
"7415","868352","868352","868352"
"7416","868352","868352","868352"
"7417","868352","868352","868352"
"7418","884736","884736","884736"
"7419","884736","884736","884736"
"7420","884736","884736","884736"
"7450","884736","884736","884736"
"7451","901120","901120","901120"
"7452","901120","901120","901120"
"7453","901120","901120","901120"
"7769","901120","901120","901120"
"7770","917504","917504","917504"
"7771","917504","917504","917504"
"7772","917504","917504","917504"
"7773","917504","917504","917504"
"7774","933888","933888","933888"
"7775","933888","933888","933888"
"7776","933888","933888","933888"
"8073","933888","933888","933888"
"8074","950272","950272","950272"
"8075","950272","950272","950272"
"8076","950272","950272","950272"
"8077","950272","950272","950272"
"8078","966656","966656","966656"
"8079","966656","966656","966656"
"8080","966656","966656","966656"
"8100","966656","966656","966656"
"8101","983040","983040","983040"
"8102","983040","983040","983040"
"8103","983040","983040","983040"
"8417","983040","983040","983040"
"8418","999424","999424","999424"
"8419","999424","999424","999424"
"8420","999424","999424","999424"
"8421","999424","999424","999424"
"8422","1015808","1015808","1015808"
"8423","1015808","1015808","1015808"
"8424","1015808","1015808","1015808"
"8738","1015808","1015808","1015808"
"8739","1032192","1032192","1032192"
"8740","1032192","1032192","1032192"
"8741","1032192","1032192","1032192"
"8742","1032192","1032192","1032192"
"8743","1048576","1048576","1048576"
"8744","1048576","1048576","1048576"
"8745","1048576","1048576","1048576"
"8751","1048576","1048576","1048576"
"8752","1064960","1064960","1064960"
"8753","1064960","1064960","1064960"
"8754","1064960","1064960","1064960"
"9068","1064960","1064960","1064960"
"9069","1081344","1081344","1081344"
"9070","1081344","1081344","1081344"
"9071","1081344","1081344","1081344"
"9072","1081344","1081344","1081344"
"9073","1097728","1097728","1097728"
"9074","1097728","1097728","1097728"
"9075","1097728","1097728","1097728"
"9391","1097728","1097728","1097728"
"9392","1114112","1114112","1114112"
"9393","1114112","1114112","1114112"
"9394","1114112","1114112","1114112"
"9395","1114112","1114112","1114112"
"9396","1130496","1130496","1130496"
"9397","1130496","1130496","1130496"
"9398","1130496","1130496","1130496"
"9661","1130496","1130496","1130496"
"9662","1146880","1146880","1146880"
"9663","1146880","1146880","1146880"
"9664","1146880","1146880","1146880"
"9665","1146880","1146880","1146880"
"9666","1163264","1163264","1163264"
"9667","1163264","1163264","1163264"
"9668","1163264","1163264","1163264"
"9722","1163264","1163264","1163264"
"9723","1179648","1179648","1179648"
"9724","1179648","1179648","1179648"
"9725","1179648","1179648","1179648"
"10042","1179648","1179648","1179648"
"10043","1196032","1196032","1196032"
"10044","1196032","1196032","1196032"
"10045","1196032","1196032","1196032"
"10046","1196032","1196032","1196032"
"10047","1212416","1212416","1212416"
"10048","1212416","1212416","1212416"
"10049","1212416","1212416","1212416"
"10320","1212416","1212416","1212416"
"10321","1228800","1228800","1228800"
"10322","1228800","1228800","1228800"
"10323","1228800","1228800","1228800"
"10324","1228800","1228800","1228800"
"10325","1245184","1245184","1245184"
"10326","1245184","1245184","1245184"
"10327","1245184","1245184","1245184"
"10373","1245184","1245184","1245184"
"10374","1261568","1261568","1261568"
"10375","1261568","1261568","1261568"
"10376","1261568","1261568","1261568"
"10685","1261568","1261568","1261568"
"10686","1277952","1277952","1277952"
"10687","1277952","1277952","1277952"
"10688","1277952","1277952","1277952"
"10689","1277952","1277952","1277952"
"10690","1294336","1294336","1294336"
"10691","1294336","1294336","1294336"
"10692","1294336","1294336","1294336"
"10980","1294336","1294336","1294336"
"10981","1310720","1310720","1310720"
"10982","1310720","1310720","1310720"
"10983","1310720","1310720","1310720"
"10984","1310720","1310720","1310720"
"10985","1327104","1327104","1327104"
"10986","1327104","1327104","1327104"
"10987","1327104","1327104","1327104"
"11021","1327104","1327104","1327104"
"11022","1343488","1343488","1343488"
"11023","1343488","1343488","1343488"
"11024","1343488","1343488","1343488"
"11338","1343488","1343488","1343488"
"11339","1359872","1359872","1359872"
"11340","1359872","1359872","1359872"
"11341","1359872","1359872","1359872"
"11342","1359872","1359872","1359872"
"11343","1376256","1376256","1376256"
"11344","1376256","1376256","1376256"
"11345","1376256","1376256","1376256"
"11644","1376256","1376256","1376256"
"11645","1392640","1392640","1392640"
"11646","1392640","1392640","1392640"
"11647","1392640","1392640","1392640"
"11648","1392640","1392640","1392640"
"11649","1409024","1409024","1409024"
"11650","1409024","1409024","1409024"
"11651","1409024","1409024","1409024"
"11668","1409024","1409024","1409024"
"11669","1425408","1425408","1425408"
"11670","1425408","1425408","1425408"
"11671","1425408","1425408","1425408"
"11988","1425408","1425408","1425408"
"11989","1441792","1441792","1441792"
"11990","1441792","1441792","1441792"
"11991","1441792","1441792","1441792"
"11992","1441792","1441792","1441792"
"11993","1458176","1458176","1458176"
"11994","1458176","1458176","1458176"
"11995","1458176","1458176","1458176"
"12304","1458176","1458176","1458176"
"12305","1474560","1474560","1474560"
"12306","1474560","1474560","1474560"
"12307","1474560","1474560","1474560"
"12308","1474560","1474560","1474560"
"12309","1490944","1490944","1490944"
"12310","1490944","1490944","1490944"
"12311","1490944","1490944","1490944"
"12315","1490944","1490944","1490944"
"12316","1507328","1507328","1507328"
"12317","1507328","1507328","1507328"
"12318","1507328","1507328","1507328"
"12633","1507328","1507328","1507328"
"12634","1523712","1523712","1523712"
"12635","1523712","1523712","1523712"
"12636","1523712","1523712","1523712"
"12637","1523712","1523712","1523712"
"12638","1540096","1540096","1540096"
"12639","1540096","1540096","1540096"
"12640","1540096","1540096","1540096"
"12955","1540096","1540096","1540096"
"12956","1556480","1556480","1556480"
"12957","1556480","1556480","1556480"
"12958","1556480","1556480","1556480"
"12959","1556480","1556480","1556480"
"12960","1572864","1572864","1572864"
"12961","1572864","1572864","1572864"
"12962","1572864","1572864","1572864"
"13228","1572864","1572864","1572864"
"13229","1589248","1589248","1589248"
"13230","1589248","1589248","1589248"
"13231","1589248","1589248","1589248"
"13232","1589248","1589248","1589248"
"13233","1605632","1605632","1605632"
"13234","1605632","1605632","1605632"
"13235","1605632","1605632","1605632"
"13281","1605632","1605632","1605632"
"13282","1622016","1622016","1622016"
"13283","1622016","1622016","1622016"
"13284","1622016","1622016","1622016"
"13605","1622016","1622016","1622016"
"13606","1638400","1638400","1638400"
"13607","1638400","1638400","1638400"
"13608","1638400","1638400","1638400"
"13609","1638400","1638400","1638400"
"13610","1654784","1654784","1654784"
"13611","1654784","1654784","1654784"
"13612","1654784","1654784","1654784"
"13893","1654784","1654784","1654784"
"13894","1671168","1671168","1671168"
"13895","1671168","1671168","1671168"
"13896","1671168","1671168","1671168"
"13897","1671168","1671168","1671168"
"13898","1687552","1687552","1687552"
"13899","1687552","1687552","1687552"
"13900","1687552","1687552","1687552"
"13935","1687552","1687552","1687552"
"13936","1703936","1703936","1703936"
"13937","1703936","1703936","1703936"
"13938","1703936","1703936","1703936"
"14254","1703936","1703936","1703936"
"14255","1720320","1720320","1720320"
"14256","1720320","1720320","1720320"
"14257","1720320","1720320","1720320"
"14258","1720320","1720320","1720320"
"14259","1736704","1736704","1736704"
"14260","1736704","1736704","1736704"
"14261","1736704","1736704","1736704"
"14551","1736704","1736704","1736704"
"14552","1753088","1753088","1753088"
"14553","1753088","1753088","1753088"
"14554","1753088","1753088","1753088"
"14555","1753088","1753088","1753088"
"14556","1769472","1769472","1769472"
"14557","1769472","1769472","1769472"
"14558","1769472","1769472","1769472"
"14585","1769472","1769472","1769472"
"14586","1785856","1785856","1785856"
"14587","1785856","1785856","1785856"
"14588","1785856","1785856","1785856"
"14905","1785856","1785856","1785856"
"14906","1802240","1802240","1802240"
"14907","1802240","1802240","1802240"
"14908","1802240","1802240","1802240"
"14909","1802240","1802240","1802240"
"14910","1818624","1818624","1818624"
"14911","1818624","1818624","1818624"
"14912","1818624","1818624","1818624"
"15213","1818624","1818624","1818624"
"15214","1835008","1835008","1835008"
"15215","1835008","1835008","1835008"
"15216","1835008","1835008","1835008"
"15217","1835008","1835008","1835008"
"15218","1851392","1851392","1851392"
"15219","1851392","1851392","1851392"
"15220","1851392","1851392","1851392"
"15235","1851392","1851392","1851392"
"15236","1867776","1867776","1867776"
"15237","1867776","1867776","1867776"
"15238","1867776","1867776","1867776"
"15550","1867776","1867776","1867776"
"15551","1884160","1884160","1884160"
"15552","1884160","1884160","1884160"
"15553","1884160","1884160","1884160"
"15554","1884160","1884160","1884160"
"15555","1900544","1900544","1900544"
"15556","1900544","1900544","1900544"
"15557","1900544","1900544","1900544"
"15873","1900544","1900544","1900544"
"15874","1916928","1916928","1916928"
"15875","1916928","1916928","1916928"
"15876","1916928","1916928","1916928"
"15877","1916928","1916928","1916928"
"15878","1933312","1933312","1933312"
"15879","1933312","1933312","1933312"
"15880","1933312","1933312","1933312"
"15881","1933312","1933312","1933312"
"15882","1949696","1949696","1949696"
"15883","1949696","1949696","1949696"
"15884","1949696","1949696","1949696"
"16204","1949696","1949696","1949696"
"16205","1966080","1966080","1966080"
"16206","1966080","1966080","1966080"
"16207","1966080","1966080","1966080"
"16208","1966080","1966080","1966080"
"16209","1982464","1982464","1982464"
"16210","1982464","1982464","1982464"
"16211","1982464","1982464","1982464"
"16528","1982464","1982464","1982464"
"16529","1998848","1998848","1998848"
"16530","1998848","1998848","1998848"
"16531","1998848","1998848","1998848"
"16532","1998848","1998848","1998848"
"16533","2015232","2015232","2015232"
"16534","2015232","2015232","2015232"
"16535","2015232","2015232","2015232"
"16801","2015232","2015232","2015232"
"16802","2031616","2031616","2031616"
"16803","2031616","2031616","2031616"
"16804","2031616","2031616","2031616"
"16805","2031616","2031616","2031616"
"16806","2048000","2048000","2048000"
"16807","2048000","2048000","2048000"
"16808","2048000","2048000","2048000"
"16860","2048000","2048000","2048000"
"16861","2064384","2064384","2064384"
"16862","2064384","2064384","2064384"
"16863","2064384","2064384","2064384"
"17180","2064384","2064384","2064384"
"17181","2080768","2080768","2080768"
"17182","2080768","2080768","2080768"
"17183","2080768","2080768","2080768"
"17184","2080768","2080768","2080768"
"17185","2097152","2097152","2097152"
"17186","2097152","2097152","2097152"
"17187","2097152","2097152","2097152"
"17460","2097152","2097152","2097152"
"17461","2113536","2113536","2113536"
"17462","2113536","2113536","2113536"
"17463","2113536","2113536","2113536"
"17464","2113536","2113536","2113536"
"17465","2129920","2129920","2129920"
"17466","2129920","2129920","2129920"
"17467","2129920","2129920","2129920"
"17510","2129920","2129920","2129920"
"17511","2146304","2146304","2146304"
"17512","2146304","2146304","2146304"
"17513","2146304","2146304","2146304"
"17825","2146304","2146304","2146304"
"17826","2162688","2162688","2162688"
"17827","2162688","2162688","2162688"
"17828","2162688","2162688","2162688"
"17829","2162688","2162688","2162688"
"17830","2179072","2179072","2179072"
"17831","2179072","2179072","2179072"
"17832","2179072","2179072","2179072"
"18120","2179072","2179072","2179072"
"18121","2195456","2195456","2195456"
"18122","2195456","2195456","2195456"
"18123","2195456","2195456","2195456"
"18124","2195456","2195456","2195456"
"18125","2211840","2211840","2211840"
"18126","2211840","2211840","2211840"
"18127","2211840","2211840","2211840"
"18154","2211840","2211840","2211840"
"18155","2228224","2228224","2228224"
"18156","2228224","2228224","2228224"
"18157","2228224","2228224","2228224"
"18476","2228224","2228224","2228224"
"18477","2244608","2244608","2244608"
"18478","2244608","2244608","2244608"
"18479","2244608","2244608","2244608"
"18480","2244608","2244608","2244608"
"18481","2260992","2260992","2260992"
"18482","2260992","2260992","2260992"
"18483","2260992","2260992","2260992"
"18785","2260992","2260992","2260992"
"18786","2277376","2277376","2277376"
"18787","2277376","2277376","2277376"
"18788","2277376","2277376","2277376"
"18789","2277376","2277376","2277376"
"18790","2293760","2293760","2293760"
"18791","2293760","2293760","2293760"
"18792","2293760","2293760","2293760"
"18807","2293760","2293760","2293760"
"18808","2310144","2310144","2310144"
"18809","2310144","2310144","2310144"
"18810","2310144","2310144","2310144"
"19126","2310144","2310144","2310144"
"19127","2326528","2326528","2326528"
"19128","2326528","2326528","2326528"
"19129","2326528","2326528","2326528"
"19130","2326528","2326528","2326528"
"19131","2342912","2342912","2342912"
"19132","2342912","2342912","2342912"
"19133","2342912","2342912","2342912"
"19444","2342912","2342912","2342912"
"19445","2359296","2359296","2359296"
"19446","2359296","2359296","2359296"
"19447","2359296","2359296","2359296"
"19448","2359296","2359296","2359296"
"19449","2375680","2375680","2375680"
"19450","2375680","2375680","2375680"
"19451","2375680","2375680","2375680"
"19457","2375680","2375680","2375680"
"19458","2392064","2392064","2392064"
"19459","2392064","2392064","2392064"
"19460","2392064","2392064","2392064"
"19777","2392064","2392064","2392064"
"19778","2408448","2408448","2408448"
"19779","2408448","2408448","2408448"
"19780","2408448","2408448","2408448"
"19781","2408448","2408448","2408448"
"19782","2424832","2424832","2424832"
"19783","2424832","2424832","2424832"
"19784","2424832","2424832","2424832"
"20098","2424832","2424832","2424832"
"20099","2441216","2441216","2441216"
"20100","2441216","2441216","2441216"
"20101","2441216","2441216","2441216"
"20102","2441216","2441216","2441216"
"20103","2457600","2457600","2457600"
"20104","2457600","2457600","2457600"
"20105","2457600","2457600","2457600"
"20368","2457600","2457600","2457600"
"20369","2473984","2473984","2473984"
"20370","2473984","2473984","2473984"
"20371","2473984","2473984","2473984"
"20372","2473984","2473984","2473984"
"20373","2490368","2490368","2490368"
"20374","2490368","2490368","2490368"
"20375","2490368","2490368","2490368"
"20429","2490368","2490368","2490368"
"20430","2506752","2506752","2506752"
"20431","2506752","2506752","2506752"
"20432","2506752","2506752","2506752"
"20753","2506752","2506752","2506752"
"20754","2523136","2523136","2523136"
"20755","2523136","2523136","2523136"
"20756","2523136","2523136","2523136"
"20757","2523136","2523136","2523136"
"20758","2539520","2539520","2539520"
"20759","2539520","2539520","2539520"
"20760","2539520","2539520","2539520"
"21032","2539520","2539520","2539520"
"21033","2555904","2555904","2555904"
"21034","2555904","2555904","2555904"
"21035","2555904","2555904","2555904"
"21036","2555904","2555904","2555904"
"21037","2572288","2572288","2572288"
"21038","2572288","2572288","2572288"
"21039","2572288","2572288","2572288"
"21082","2572288","2572288","2572288"
"21083","2588672","2588672","2588672"
"21084","2588672","2588672","2588672"
"21085","2588672","2588672","2588672"
"21401","2588672","2588672","2588672"
"21402","2605056","2605056","2605056"
"21403","2605056","2605056","2605056"
"21404","2605056","2605056","2605056"
"21405","2605056","2605056","2605056"
"21406","2621440","2621440","2621440"
"21407","2621440","2621440","2621440"
"21408","2621440","2621440","2621440"
"21693","2621440","2621440","2621440"
"21694","2637824","2637824","2637824"
"21695","2637824","2637824","2637824"
"21696","2637824","2637824","2637824"
"21697","2637824","2637824","2637824"
"21698","2654208","2654208","2654208"
"21699","2654208","2654208","2654208"
"21700","2654208","2654208","2654208"
"21732","2654208","2654208","2654208"
"21733","2670592","2670592","2670592"
"21734","2670592","2670592","2670592"
"21735","2670592","2670592","2670592"
"22052","2670592","2670592","2670592"
"22053","2686976","2686976","2686976"
"22054","2686976","2686976","2686976"
"22055","2686976","2686976","2686976"
"22056","2686976","2686976","2686976"
"22057","2703360","2703360","2703360"
"22058","2703360","2703360","2703360"
"22059","2703360","2703360","2703360"
"22353","2703360","2703360","2703360"
"22354","2719744","2719744","2719744"
"22355","2719744","2719744","2719744"
"22356","2719744","2719744","2719744"
"22357","2719744","2719744","2719744"
"22358","2736128","2736128","2736128"
"22359","2736128","2736128","2736128"
"22360","2736128","2736128","2736128"
"22380","2736128","2736128","2736128"
"22381","2752512","2752512","2752512"
"22382","2752512","2752512","2752512"
"22383","2752512","2752512","2752512"
"22700","2752512","2752512","2752512"
"22701","2768896","2768896","2768896"
"22702","2768896","2768896","2768896"
"22703","2768896","2768896","2768896"
"22704","2768896","2768896","2768896"
"22705","2785280","2785280","2785280"
"22706","2785280","2785280","2785280"
"22707","2785280","2785280","2785280"
"23016","2785280","2785280","2785280"
"23017","2801664","2801664","2801664"
"23018","2801664","2801664","2801664"
"23020","2801664","2801664","2801664"
"23021","2801664","2801664","2801664"
"23022","2818048","2818048","2818048"
"23023","2818048","2818048","2818048"
"23024","2818048","2818048","2818048"
"23035","2818048","2818048","2818048"
"23036","2834432","2834432","2834432"
"23037","2834432","2834432","2834432"
"23038","2834432","2834432","2834432"
"23354","2834432","2834432","2834432"
"23355","2850816","2850816","2850816"
"23356","2850816","2850816","2850816"
"23357","2850816","2850816","2850816"
"23358","2850816","2850816","2850816"
"23359","2867200","2867200","2867200"
"23360","2867200","2867200","2867200"
"23361","2867200","2867200","2867200"
"23676","2867200","2867200","2867200"
"23677","2883584","2883584","2883584"
"23678","2883584","2883584","2883584"
"23679","2883584","2883584","2883584"
"23680","2883584","2883584","2883584"
"23681","2899968","2899968","2899968"
"23682","2899968","2899968","2899968"
"23683","2899968","2899968","2899968"
"23941","2899968","2899968","2899968"
"23942","2916352","2916352","2916352"
"23943","2916352","2916352","2916352"
"23944","2916352","2916352","2916352"
"23945","2916352","2916352","2916352"
"23946","2932736","2932736","2932736"
"23947","2932736","2932736","2932736"
"23948","2932736","2932736","2932736"
"24008","2932736","2932736","2932736"
"24009","2949120","2949120","2949120"
"24010","2949120","2949120","2949120"
"24011","2949120","2949120","2949120"
"24324","2949120","2949120","2949120"
"24325","2965504","2965504","2965504"
"24326","2965504","2965504","2965504"
"24327","2965504","2965504","2965504"
"24328","2965504","2965504","2965504"
"24329","2981888","2981888","2981888"
"24330","2981888","2981888","2981888"
"24331","2981888","2981888","2981888"
"24600","2981888","2981888","2981888"
"24601","2998272","2998272","2998272"
"24602","2998272","2998272","2998272"
"24603","2998272","2998272","2998272"
"24604","2998272","2998272","2998272"
"24605","3014656","3014656","3014656"
"24606","3014656","3014656","3014656"
"24607","3014656","3014656","3014656"
"24652","3014656","3014656","3014656"
"24653","3031040","3031040","3031040"
"24654","3031040","3031040","3031040"
"24655","3031040","3031040","3031040"
"24971","3031040","3031040","3031040"
"24972","3047424","3047424","3047424"
"24973","3047424","3047424","3047424"
"24974","3047424","3047424","3047424"
"24975","3047424","3047424","3047424"
"24976","3063808","3063808","3063808"
"24977","3063808","3063808","3063808"
"24978","3063808","3063808","3063808"
"25263","3063808","3063808","3063808"
"25264","3080192","3080192","3080192"
"25265","3080192","3080192","3080192"
"25266","3080192","3080192","3080192"
"25267","3080192","3080192","3080192"
"25268","3096576","3096576","3096576"
"25269","3096576","3096576","3096576"
"25270","3096576","3096576","3096576"
"25305","3096576","3096576","3096576"
"25306","3112960","3112960","3112960"
"25307","3112960","3112960","3112960"
"25308","3112960","3112960","3112960"
"25625","3112960","3112960","3112960"
"25626","3129344","3129344","3129344"
"25627","3129344","3129344","3129344"
"25628","3129344","3129344","3129344"
"25629","3129344","3129344","3129344"
"25630","3145728","3145728","3145728"
"25631","3145728","3145728","3145728"
"25632","3145728","3145728","3145728"
"25925","3145728","3145728","3145728"
"25926","3162112","3162112","3162112"
"25927","3162112","3162112","3162112"
"25928","3162112","3162112","3162112"
"25929","3162112","3162112","3162112"
"25930","3178496","3178496","3178496"
"25931","3178496","3178496","3178496"
"25932","3178496","3178496","3178496"
"25951","3178496","3178496","3178496"
"25952","3194880","3194880","3194880"
"25953","3194880","3194880","3194880"
"25954","3194880","3194880","3194880"
"26272","3194880","3194880","3194880"
"26273","3211264","3211264","3211264"
"26274","3211264","3211264","3211264"
"26275","3211264","3211264","3211264"
"26276","3211264","3211264","3211264"
"26277","3227648","3227648","3227648"
"26278","3227648","3227648","3227648"
"26279","3227648","3227648","3227648"
"26584","3227648","3227648","3227648"
"26585","3244032","3244032","3244032"
"26586","3244032","3244032","3244032"
"26587","3244032","3244032","3244032"
"26588","3244032","3244032","3244032"
"26589","3260416","3260416","3260416"
"26590","3260416","3260416","3260416"
"26591","3260416","3260416","3260416"
"26600","3260416","3260416","3260416"
"26601","3276800","3276800","3276800"
"26602","3276800","3276800","3276800"
"26603","3276800","3276800","3276800"
"26918","3276800","3276800","3276800"
"26920","3293184","3293184","3293184"
"26921","3293184","3293184","3293184"
"26922","3293184","3293184","3293184"
"26923","3293184","3293184","3293184"
"26924","3309568","3309568","3309568"
"26925","3309568","3309568","3309568"
"26926","3309568","3309568","3309568"
"27241","3309568","3309568","3309568"
"27242","3325952","3325952","3325952"
"27243","3325952","3325952","3325952"
"27244","3325952","3325952","3325952"
"27245","3325952","3325952","3325952"
"27246","3342336","3342336","3342336"
"27247","3342336","3342336","3342336"
"27248","3342336","3342336","3342336"
"27511","3342336","3342336","3342336"
"27512","3358720","3358720","3358720"
"27513","3358720","3358720","3358720"
"27514","3358720","3358720","3358720"
"27515","3358720","3358720","3358720"
"27516","3375104","3375104","3375104"
"27517","3375104","3375104","3375104"
"27518","3375104","3375104","3375104"
"27575","3375104","3375104","3375104"
"27576","3391488","3391488","3391488"
"27577","3391488","3391488","3391488"
"27578","3391488","3391488","3391488"
"27894","3391488","3391488","3391488"
"27895","3407872","3407872","3407872"
"27896","3407872","3407872","3407872"
"27897","3407872","3407872","3407872"
"27898","3407872","3407872","3407872"
"27899","3424256","3424256","3424256"
"27900","3424256","3424256","3424256"
"27901","3424256","3424256","3424256"
"28172","3424256","3424256","3424256"
"28173","3440640","3440640","3440640"
"28174","3440640","3440640","3440640"
"28175","3440640","3440640","3440640"
"28176","3440640","3440640","3440640"
"28177","3457024","3457024","3457024"
"28178","3457024","3457024","3457024"
"28179","3457024","3457024","3457024"
"28225","3457024","3457024","3457024"
"28226","3473408","3473408","3473408"
"28227","3473408","3473408","3473408"
"28228","3473408","3473408","3473408"
"28541","3473408","3473408","3473408"
"28542","3489792","3489792","3489792"
"28543","3489792","3489792","3489792"
"28544","3489792","3489792","3489792"
"28545","3489792","3489792","3489792"
"28546","3506176","3506176","3506176"
"28547","3506176","3506176","3506176"
"28548","3506176","3506176","3506176"
"28833","3506176","3506176","3506176"
"28834","3522560","3522560","3522560"
"28835","3522560","3522560","3522560"
"28836","3522560","3522560","3522560"
"28837","3522560","3522560","3522560"
"28838","3538944","3538944","3538944"
"28839","3538944","3538944","3538944"
"28840","3538944","3538944","3538944"
"28872","3538944","3538944","3538944"
"28873","3555328","3555328","3555328"
"28874","3555328","3555328","3555328"
"28875","3555328","3555328","3555328"
"29191","3555328","3555328","3555328"
"29192","3571712","3571712","3571712"
"29193","3571712","3571712","3571712"
"29194","3571712","3571712","3571712"
"29195","3571712","3571712","3571712"
"29196","3588096","3588096","3588096"
"29197","3588096","3588096","3588096"
"29198","3588096","3588096","3588096"
"29493","3588096","3588096","3588096"
"29494","3604480","3604480","3604480"
"29495","3604480","3604480","3604480"
"29496","3604480","3604480","3604480"
"29497","3604480","3604480","3604480"
"29498","3620864","3620864","3620864"
"29499","3620864","3620864","3620864"
"29500","3620864","3620864","3620864"
"29522","3620864","3620864","3620864"
"29523","3637248","3637248","3637248"
"29524","3637248","3637248","3637248"
"29525","3637248","3637248","3637248"
"29844","3637248","3637248","3637248"
"29845","3653632","3653632","3653632"
"29846","3653632","3653632","3653632"
"29847","3653632","3653632","3653632"
"29848","3653632","3653632","3653632"
"29849","3670016","3670016","3670016"
"29850","3670016","3670016","3670016"
"29851","3670016","3670016","3670016"
"30156","3670016","3670016","3670016"
"30157","3686400","3686400","3686400"
"30158","3686400","3686400","3686400"
"30159","3686400","3686400","3686400"
"30160","3686400","3686400","3686400"
"30161","3702784","3702784","3702784"
"30162","3702784","3702784","3702784"
"30163","3702784","3702784","3702784"
"30175","3702784","3702784","3702784"
"30176","3719168","3719168","3719168"
"30177","3719168","3719168","3719168"
"30178","3719168","3719168","3719168"
"30490","3719168","3719168","3719168"
"30491","3735552","3735552","3735552"
"30492","3735552","3735552","3735552"
"30493","3735552","3735552","3735552"
"30494","3735552","3735552","3735552"
"30495","3751936","3751936","3751936"
"30496","3751936","3751936","3751936"
"30497","3751936","3751936","3751936"
"30808","3751936","3751936","3751936"
"30809","3768320","3768320","3768320"
"30810","3768320","3768320","3768320"
"30811","3768320","3768320","3768320"
"30812","3768320","3768320","3768320"
"30813","3784704","3784704","3784704"
"30814","3784704","3784704","3784704"
"30815","3784704","3784704","3784704"
"31080","3784704","3784704","3784704"
"31081","3801088","3801088","3801088"
"31082","3801088","3801088","3801088"
"31083","3801088","3801088","3801088"
"31084","3801088","3801088","3801088"
"31085","3817472","3817472","3817472"
"31086","3817472","3817472","3817472"
"31087","3817472","3817472","3817472"
"31138","3817472","3817472","3817472"
"31139","3833856","3833856","3833856"
"31140","3833856","3833856","3833856"
"31141","3833856","3833856","3833856"
"31457","3833856","3833856","3833856"
"31458","3850240","3850240","3850240"
"31459","3850240","3850240","3850240"
"31460","3850240","3850240","3850240"
"31461","3850240","3850240","3850240"
"31462","3866624","3866624","3866624"
"31463","3866624","3866624","3866624"
"31464","3866624","3866624","3866624"
"31744","3866624","3866624","3866624"
"31745","3883008","3883008","3883008"
"31746","3883008","3883008","3883008"
"31747","3883008","3883008","3883008"
"31748","3883008","3883008","3883008"
"31749","3899392","3899392","3899392"
"31750","3899392","3899392","3899392"
"31751","3899392","3899392","3899392"
"31792","3899392","3899392","3899392"
"31793","3915776","3915776","3915776"
"31794","3915776","3915776","3915776"
"31795","3915776","3915776","3915776"
"32109","3915776","3915776","3915776"
"32110","3932160","3932160","3932160"
"32111","3932160","3932160","3932160"
"32112","3932160","3932160","3932160"
"32113","3932160","3932160","3932160"
"32114","3948544","3948544","3948544"
"32115","3948544","3948544","3948544"
"32116","3948544","3948544","3948544"
"32405","3948544","3948544","3948544"
"32406","3964928","3964928","3964928"
"32407","3964928","3964928","3964928"
"32408","3964928","3964928","3964928"
"32409","3964928","3964928","3964928"
"32410","3981312","3981312","3981312"
"32411","3981312","3981312","3981312"
"32412","3981312","3981312","3981312"
"32440","3981312","3981312","3981312"
"32441","3997696","3997696","3997696"
"32442","3997696","3997696","3997696"
"32443","3997696","3997696","3997696"
"32757","3997696","3997696","3997696"
"32758","4014080","4014080","4014080"
"32759","4014080","4014080","4014080"
"32760","4014080","4014080","4014080"
"32761","4014080","4014080","4014080"
"32762","4030464","4030464","4030464"
"32763","4030464","4030464","4030464"
"32764","4030464","4030464","4030464"
"33065","4030464","4030464","4030464"
"33066","4046848","4046848","4046848"
"33067","4046848","4046848","4046848"
"33068","4046848","4046848","4046848"
"33069","4046848","4046848","4046848"
"33070","4063232","4063232","4063232"
"33071","4063232","4063232","4063232"
"33072","4063232","4063232","4063232"
"33084","4063232","4063232","4063232"
"33085","4079616","4079616","4079616"
"33086","4079616","4079616","4079616"
"33087","4079616","4079616","4079616"
"33403","4079616","4079616","4079616"
"33404","4096000","4096000","4096000"
"33405","4096000","4096000","4096000"
"33406","4096000","4096000","4096000"
"33407","4096000","4096000","4096000"
"33408","4112384","4112384","4112384"
"33409","4112384","4112384","4112384"
"33410","4112384","4112384","4112384"
"33728","4112384","4112384","4112384"
"33729","4128768","4128768","4128768"
"33730","4128768","4128768","4128768"
"33731","4128768","4128768","4128768"
"33732","4128768","4128768","4128768"
"33733","4145152","4145152","4145152"
"33734","4145152","4145152","4145152"
"33735","4145152","4145152","4145152"
"33739","4145152","4145152","4145152"
"33740","4161536","4161536","4161536"
"33741","4161536","4161536","4161536"
"33742","4161536","4161536","4161536"
"34057","4161536","4161536","4161536"
"34058","4177920","4177920","4177920"
"34059","4177920","4177920","4177920"
"34060","4177920","4177920","4177920"
"34061","4177920","4177920","4177920"
"34062","4194304","4194304","4194304"
"34063","4194304","4194304","4194304"
"34064","4194304","4194304","4194304"
"34380","4194304","4194304","4194304"
"34381","4210688","4210688","4210688"
"34382","4210688","4210688","4210688"
"34383","4210688","4210688","4210688"
"34384","4210688","4210688","4210688"
"34385","4227072","4227072","4227072"
"34386","4227072","4227072","4227072"
"34387","4227072","4227072","4227072"
"34652","4227072","4227072","4227072"
"34653","4243456","4243456","4243456"
"34654","4243456","4243456","4243456"
"34655","4243456","4243456","4243456"
"34656","4243456","4243456","4243456"
"34657","4259840","4259840","4259840"
"34658","4259840","4259840","4259840"
"34659","4259840","4259840","4259840"
"34710","4259840","4259840","4259840"
"34711","4276224","4276224","4276224"
"34712","4276224","4276224","4276224"
"34713","4276224","4276224","4276224"
"35023","4276224","4276224","4276224"
"35024","4292608","4292608","4292608"
"35025","4292608","4292608","4292608"
"35026","4292608","4292608","4292608"
"35027","4292608","4292608","4292608"
"35028","4308992","4308992","4308992"
"35029","4308992","4308992","4308992"
"35030","4308992","4308992","4308992"
"35315","4308992","4308992","4308992"
"35316","4325376","4325376","4325376"
"35317","4325376","4325376","4325376"
"35318","4325376","4325376","4325376"
"35319","4325376","4325376","4325376"
"35320","4341760","4341760","4341760"
"35321","4341760","4341760","4341760"
"35322","4341760","4341760","4341760"
"35352","4341760","4341760","4341760"
"35353","4358144","4358144","4358144"
"35354","4358144","4358144","4358144"
"35355","4358144","4358144","4358144"
"35664","4358144","4358144","4358144"
"35665","4374528","4374528","4374528"
"35666","4374528","4374528","4374528"
"35667","4374528","4374528","4374528"
"35668","4374528","4374528","4374528"
"35669","4390912","4390912","4390912"
"35670","4390912","4390912","4390912"
"35671","4390912","4390912","4390912"
"35978","4390912","4390912","4390912"
"35979","4407296","4407296","4407296"
"35980","4407296","4407296","4407296"
"35981","4407296","4407296","4407296"
"35982","4407296","4407296","4407296"
"35983","4423680","4423680","4423680"
"35984","4423680","4423680","4423680"
"35985","4423680","4423680","4423680"
"35993","4423680","4423680","4423680"
"35994","4440064","4440064","4440064"
"35995","4440064","4440064","4440064"
"35996","4440064","4440064","4440064"
"36311","4440064","4440064","4440064"
"36312","4456448","4456448","4456448"
"36313","4456448","4456448","4456448"
"36314","4456448","4456448","4456448"
"36315","4456448","4456448","4456448"
"36316","4472832","4472832","4472832"
"36317","4472832","4472832","4472832"
"36318","4472832","4472832","4472832"
"36634","4472832","4472832","4472832"
"36635","4489216","4489216","4489216"
"36636","4489216","4489216","4489216"
"36637","4489216","4489216","4489216"
"36638","4489216","4489216","4489216"
"36639","4505600","4505600","4505600"
"36640","4505600","4505600","4505600"
"36641","4505600","4505600","4505600"
"36900","4505600","4505600","4505600"
"36901","4521984","4521984","4521984"
"36902","4521984","4521984","4521984"
"36903","4521984","4521984","4521984"
"36904","4521984","4521984","4521984"
"36905","4538368","4538368","4538368"
"36906","4538368","4538368","4538368"
"36907","4538368","4538368","4538368"
"36968","4538368","4538368","4538368"
"36969","4554752","4554752","4554752"
"36970","4554752","4554752","4554752"
"36971","4554752","4554752","4554752"
"37285","4554752","4554752","4554752"
"37286","4571136","4571136","4571136"
"37287","4571136","4571136","4571136"
"37288","4571136","4571136","4571136"
"37289","4571136","4571136","4571136"
"37290","4587520","4587520","4587520"
"37291","4587520","4587520","4587520"
"37292","4587520","4587520","4587520"
"37563","4587520","4587520","4587520"
"37564","4603904","4603904","4603904"
"37565","4603904","4603904","4603904"
"37566","4603904","4603904","4603904"
"37567","4603904","4603904","4603904"
"37568","4620288","4620288","4620288"
"37569","4620288","4620288","4620288"
"37570","4620288","4620288","4620288"
"37616","4620288","4620288","4620288"
"37617","4636672","4636672","4636672"
"37618","4636672","4636672","4636672"
"37619","4636672","4636672","4636672"
"37841","4636672","4636672","4636672"
"37842","4653056","4653056","4653056"
"37843","4653056","4653056","4653056"
"37844","4653056","4653056","4653056"
"37845","4653056","4653056","4653056"
"37846","4669440","4669440","4669440"
"37847","4669440","4669440","4669440"
"37848","4669440","4669440","4669440"
"37849","4669440","4669440","4669440"