"Step","resilient-blaze-9 - info/epochs","resilient-blaze-9 - info/epochs__MIN","resilient-blaze-9 - info/epochs__MAX"
"295","1","1","1"
"299","2","2","2"
"616","3","3","3"
"620","4","4","4"
"918","5","5","5"
"922","6","6","6"
"939","7","7","7"
"1257","8","8","8"
"1261","9","9","9"
"1576","10","10","10"
"1580","11","11","11"
"1845","12","12","12"
"1849","13","13","13"
"1903","14","14","14"
"2219","15","15","15"
"2223","16","16","16"
"2505","17","17","17"
"2509","18","18","18"
"2542","19","19","19"
"2861","20","20","20"
"2865","21","21","21"
"3169","22","22","22"
"3173","23","23","23"
"3187","24","24","24"
"3503","25","25","25"
"3507","26","26","26"
"3824","27","27","27"
"3828","28","28","28"
"4094","29","29","29"
"4098","30","30","30"
"4149","31","31","31"
"4463","32","32","32"
"4467","33","33","33"
"4753","34","34","34"
"4757","35","35","35"
"4789","36","36","36"
"5106","37","37","37"
"5110","38","38","38"
"5417","39","39","39"
"5421","40","40","40"
"5435","41","41","41"
"5748","42","42","42"
"5752","43","43","43"
"6067","44","44","44"
"6071","45","45","45"
"6340","46","46","46"
"6344","47","47","47"
"6393","48","48","48"
"6710","49","49","49"
"6714","50","50","50"
"7003","51","51","51"
"7007","52","52","52"
"7034","53","53","53"
"7353","54","54","54"
"7357","55","55","55"
"7662","56","56","56"
"7666","57","57","57"
"7680","58","58","58"
"7999","59","59","59"
"8003","60","60","60"
"8319","61","61","61"
"8323","62","62","62"
"8590","63","63","63"
"8594","64","64","64"
"8647","65","65","65"
"8962","66","66","66"
"8966","67","67","67"
"9250","68","68","68"
"9254","69","69","69"
"9284","70","70","70"
"9600","71","71","71"
"9604","72","72","72"
"9910","73","73","73"
"9914","74","74","74"
"9925","75","75","75"
"10245","76","76","76"
"10249","77","77","77"
"10564","78","78","78"
"10568","79","79","79"
"10837","80","80","80"
"10841","81","81","81"
"10891","82","82","82"
"11204","83","83","83"
"11208","84","84","84"
"11499","85","85","85"
"11503","86","86","86"
"11530","87","87","87"
"11846","88","88","88"
"11850","89","89","89"
"12158","90","90","90"
"12162","91","91","91"
"12172","92","92","92"
"12486","93","93","93"
"12491","94","94","94"
"12813","95","95","95"
"12817","96","96","96"
"13086","97","97","97"
"13090","98","98","98"
"13143","99","99","99"
"13458","100","100","100"
"13462","101","101","101"
"13746","102","102","102"
"13750","103","103","103"
"13788","104","104","104"
"14107","105","105","105"
"14111","106","106","106"
"14406","107","107","107"
"14410","108","108","108"
"14438","109","109","109"
"14757","110","110","110"
"14761","111","111","111"
"15070","112","112","112"
"15074","113","113","113"
"15091","114","114","114"
"15411","115","115","115"
"15415","116","116","116"
"15728","117","117","117"
"15732","118","118","118"
"15739","119","119","119"
"16059","120","120","120"
"16063","121","121","121"
"16383","122","122","122"
"16387","123","123","123"
"16654","124","124","124"
"16658","125","125","125"
"16712","126","126","126"
"17031","127","127","127"
"17035","128","128","128"
"17317","129","129","129"
"17321","130","130","130"
"17365","131","131","131"
"17685","132","132","132"
"17689","133","133","133"
"17978","134","134","134"
"17982","135","135","135"
"18010","136","136","136"
"18329","137","137","137"
"18333","138","138","138"
"18638","139","139","139"
"18642","140","140","140"
"18659","141","141","141"
"18979","142","142","142"
"18983","143","143","143"
"19302","144","144","144"
"19306","145","145","145"
"19313","146","146","146"
"19632","147","147","147"
"19636","148","148","148"
"19956","149","149","149"
"19960","150","150","150"
"20225","151","151","151"
"20229","152","152","152"
"20286","153","153","153"
"20603","154","154","154"
"20607","155","155","155"
"20886","156","156","156"
"20890","157","157","157"
"20933","158","158","158"
"21258","159","159","159"
"21262","160","160","160"
"21549","161","161","161"
"21553","162","162","162"
"21588","163","163","163"
"21908","164","164","164"
"21912","165","165","165"
"22209","166","166","166"
"22213","167","167","167"
"22238","168","168","168"
"22555","169","169","169"
"22559","170","170","170"
"22869","171","171","171"
"22873","172","172","172"
"22885","173","173","173"
"23207","174","174","174"
"23211","175","175","175"
"23529","176","176","176"
"23533","177","177","177"
"23796","178","178","178"
"23800","179","179","179"
"23860","180","180","180"
"24178","181","181","181"
"24182","182","182","182"
"24458","183","183","183"
"24462","184","184","184"
"24509","185","185","185"
"24828","186","186","186"
"24832","187","187","187"
"25120","188","188","188"
"25124","189","189","189"
"25160","190","190","190"
"25478","191","191","191"
"25482","192","192","192"
"25782","193","193","193"
"25786","194","194","194"
"25808","195","195","195"
"26127","196","196","196"
"26131","197","197","197"
"26442","198","198","198"
"26446","199","199","199"
"26455","200","200","200"
"26778","201","201","201"
"26782","202","202","202"
"27101","203","203","203"
"27105","204","204","204"
"27370","205","205","205"
"27374","206","206","206"
"27428","207","207","207"
"27746","208","208","208"
"27750","209","209","209"
"28033","210","210","210"
"28037","211","211","211"
"28080","212","212","212"
"28399","213","213","213"
"28403","214","214","214"
"28692","215","215","215"
"28696","216","216","216"
"28730","217","217","217"
"29048","218","218","218"
"29052","219","219","219"
"29352","220","220","220"
"29356","221","221","221"
"29379","222","222","222"
"29699","223","223","223"
"29703","224","224","224"
"30018","225","225","225"
"30022","226","226","226"
"30029","227","227","227"
"30348","228","228","228"
"30352","229","229","229"
"30671","230","230","230"
"30675","231","231","231"
"30945","232","232","232"
"30949","233","233","233"
"31006","234","234","234"
"31325","235","235","235"
"31329","236","236","236"
"31606","237","237","237"
"31610","238","238","238"
"31656","239","239","239"
"31971","240","240","240"
"31975","241","241","241"
"32268","242","242","242"
"32272","243","243","243"
"32305","244","244","244"
"32624","245","245","245"
"32628","246","246","246"
"32930","247","247","247"
"32934","248","248","248"
"32954","249","249","249"
"33270","250","250","250"
"33274","251","251","251"
"33594","252","252","252"
"33598","253","253","253"
"33604","254","254","254"
"33921","255","255","255"
"33925","256","256","256"
"34236","257","257","257"
"34240","258","258","258"
"34518","259","259","259"
"34522","260","260","260"
"34566","261","261","261"
"34888","262","262","262"
"34892","263","263","263"
"35182","264","264","264"
"35186","265","265","265"
"35218","266","266","266"
"35538","267","267","267"
"35542","268","268","268"
"35845","269","269","269"
"35849","270","270","270"
"35871","271","271","271"
"36188","272","272","272"
"36192","273","273","273"
"36504","274","274","274"
"36508","275","275","275"
"36512","276","276","276"
"36824","277","277","277"
"36828","278","278","278"
"37144","279","279","279"
"37148","280","280","280"
"37434","281","281","281"
"37438","282","282","282"
"37473","283","283","283"
"37790","284","284","284"
"37794","285","285","285"
"38093","286","286","286"
"38097","287","287","287"
"38119","288","288","288"
"38442","289","289","289"
"38446","290","290","290"
"38758","291","291","291"
"38762","292","292","292"
"38771","293","293","293"