"Step","resilient-blaze-9 - rewards/step","resilient-blaze-9 - rewards/step__MIN","resilient-blaze-9 - rewards/step__MAX"
"295","-1116.8443603515625","-1116.8443603515625","-1116.8443603515625"
"299","-1127.40625","-1127.40625","-1127.40625"
"616","-1128.7142333984375","-1128.7142333984375","-1128.7142333984375"
"620","-1114.2369384765625","-1114.2369384765625","-1114.2369384765625"
"918","-1097.405029296875","-1097.405029296875","-1097.405029296875"
"922","-1100.8670654296875","-1100.8670654296875","-1100.8670654296875"
"939","-1104.1849365234375","-1104.1849365234375","-1104.1849365234375"
"1257","-1097.1375732421875","-1097.1375732421875","-1097.1375732421875"
"1261","-1068.3773193359375","-1068.3773193359375","-1068.3773193359375"
"1576","-936.8154296875","-936.8154296875","-936.8154296875"
"1580","-802.4649047851562","-802.4649047851562","-802.4649047851562"
"1845","-641.1363525390625","-641.1363525390625","-641.1363525390625"
"1849","-518.0537719726562","-518.0537719726562","-518.0537719726562"
"1903","-458.7475280761719","-458.7475280761719","-458.7475280761719"
"2219","-402.17010498046875","-402.17010498046875","-402.17010498046875"
"2223","-447.0463562011719","-447.0463562011719","-447.0463562011719"
"2505","-355.9016418457031","-355.9016418457031","-355.9016418457031"
"2509","-364.91650390625","-364.91650390625","-364.91650390625"
"2542","-311.16064453125","-311.16064453125","-311.16064453125"
"2861","-224.65045166015625","-224.65045166015625","-224.65045166015625"
"2865","-257.391845703125","-257.391845703125","-257.391845703125"
"3169","-226.2491912841797","-226.2491912841797","-226.2491912841797"
"3173","-181.83050537109375","-181.83050537109375","-181.83050537109375"
"3187","-187.02978515625","-187.02978515625","-187.02978515625"
"3503","-147.99951171875","-147.99951171875","-147.99951171875"
"3507","-139.864501953125","-139.864501953125","-139.864501953125"
"3824","-151.6282196044922","-151.6282196044922","-151.6282196044922"
"3828","-137.2185821533203","-137.2185821533203","-137.2185821533203"
"4094","-141.177490234375","-141.177490234375","-141.177490234375"
"4098","-144.8959503173828","-144.8959503173828","-144.8959503173828"
"4149","-129.6862030029297","-129.6862030029297","-129.6862030029297"
"4463","-131.39451599121094","-131.39451599121094","-131.39451599121094"
"4467","-144.82330322265625","-144.82330322265625","-144.82330322265625"
"4753","-141.49887084960938","-141.49887084960938","-141.49887084960938"
"4757","-156.50149536132812","-156.50149536132812","-156.50149536132812"
"4789","-162.4296112060547","-162.4296112060547","-162.4296112060547"
"5106","-160.66903686523438","-160.66903686523438","-160.66903686523438"
"5110","-166.3983154296875","-166.3983154296875","-166.3983154296875"
"5417","-170.726318359375","-170.726318359375","-170.726318359375"
"5421","-173.68556213378906","-173.68556213378906","-173.68556213378906"
"5435","-154.91539001464844","-154.91539001464844","-154.91539001464844"
"5748","-147.94119262695312","-147.94119262695312","-147.94119262695312"
"5752","-169.0210723876953","-169.0210723876953","-169.0210723876953"
"6067","-171.62875366210938","-171.62875366210938","-171.62875366210938"
"6071","-163.31967163085938","-163.31967163085938","-163.31967163085938"
"6340","-179.16612243652344","-179.16612243652344","-179.16612243652344"
"6344","-157.5657196044922","-157.5657196044922","-157.5657196044922"
"6393","-162.51321411132812","-162.51321411132812","-162.51321411132812"
"6710","-150.87655639648438","-150.87655639648438","-150.87655639648438"
"6714","-166.4009552001953","-166.4009552001953","-166.4009552001953"
"7003","-164.32275390625","-164.32275390625","-164.32275390625"
"7007","-185.36007690429688","-185.36007690429688","-185.36007690429688"
"7034","-192.9976348876953","-192.9976348876953","-192.9976348876953"
"7353","-196.28578186035156","-196.28578186035156","-196.28578186035156"
"7357","-167.50286865234375","-167.50286865234375","-167.50286865234375"
"7662","-141.87451171875","-141.87451171875","-141.87451171875"
"7666","-166.82763671875","-166.82763671875","-166.82763671875"
"7680","-165.38096618652344","-165.38096618652344","-165.38096618652344"
"7999","-177.1273956298828","-177.1273956298828","-177.1273956298828"
"8003","-138.08523559570312","-138.08523559570312","-138.08523559570312"
"8319","-167.8600616455078","-167.8600616455078","-167.8600616455078"
"8323","-151.20384216308594","-151.20384216308594","-151.20384216308594"
"8590","-176.0237274169922","-176.0237274169922","-176.0237274169922"
"8594","-145.6649932861328","-145.6649932861328","-145.6649932861328"
"8647","-132.77369689941406","-132.77369689941406","-132.77369689941406"
"8962","-154.69036865234375","-154.69036865234375","-154.69036865234375"
"8966","-184.7713165283203","-184.7713165283203","-184.7713165283203"
"9250","-175.31564331054688","-175.31564331054688","-175.31564331054688"
"9254","-144.07489013671875","-144.07489013671875","-144.07489013671875"
"9284","-163.93321228027344","-163.93321228027344","-163.93321228027344"
"9600","-141.03802490234375","-141.03802490234375","-141.03802490234375"
"9604","-149.26515197753906","-149.26515197753906","-149.26515197753906"
"9910","-173.5516357421875","-173.5516357421875","-173.5516357421875"
"9914","-132.14654541015625","-132.14654541015625","-132.14654541015625"
"9925","-126.79331970214844","-126.79331970214844","-126.79331970214844"
"10245","-133.1880340576172","-133.1880340576172","-133.1880340576172"
"10249","-114.95443725585938","-114.95443725585938","-114.95443725585938"
"10564","-104.19329071044922","-104.19329071044922","-104.19329071044922"
"10568","-125.5785903930664","-125.5785903930664","-125.5785903930664"
"10837","-115.5347900390625","-115.5347900390625","-115.5347900390625"
"10841","-81.89087677001953","-81.89087677001953","-81.89087677001953"
"10891","-110.20269012451172","-110.20269012451172","-110.20269012451172"
"11204","-39.842308044433594","-39.842308044433594","-39.842308044433594"
"11208","-40.707252502441406","-40.707252502441406","-40.707252502441406"
"11499","-90.05337524414062","-90.05337524414062","-90.05337524414062"
"11503","-88.44232177734375","-88.44232177734375","-88.44232177734375"
"11530","-44.73755645751953","-44.73755645751953","-44.73755645751953"
"11846","-48.89449691772461","-48.89449691772461","-48.89449691772461"
"11850","-48.191444396972656","-48.191444396972656","-48.191444396972656"
"12158","-131.27500915527344","-131.27500915527344","-131.27500915527344"
"12162","-86.677490234375","-86.677490234375","-86.677490234375"
"12172","-40.18535614013672","-40.18535614013672","-40.18535614013672"
"12486","28.819915771484375","28.819915771484375","28.819915771484375"
"12491","32.41592788696289","32.41592788696289","32.41592788696289"
"12813","-1.753023624420166","-1.753023624420166","-1.753023624420166"
"12817","-6.760275840759277","-6.760275840759277","-6.760275840759277"
"13086","0.7962670922279358","0.7962670922279358","0.7962670922279358"
"13090","31.927249908447266","31.927249908447266","31.927249908447266"
"13143","-56.55180358886719","-56.55180358886719","-56.55180358886719"
"13458","-46.34906005859375","-46.34906005859375","-46.34906005859375"
"13462","16.88238525390625","16.88238525390625","16.88238525390625"
"13746","2.9368808269500732","2.9368808269500732","2.9368808269500732"
"13750","68.2738037109375","68.2738037109375","68.2738037109375"
"13788","2.9376673698425293","2.9376673698425293","2.9376673698425293"
"14107","62.77766799926758","62.77766799926758","62.77766799926758"
"14111","82.5802001953125","82.5802001953125","82.5802001953125"
"14406","19.805688858032227","19.805688858032227","19.805688858032227"
"14410","78.18099212646484","78.18099212646484","78.18099212646484"
"14438","-1.6548120975494385","-1.6548120975494385","-1.6548120975494385"
"14757","21.92708969116211","21.92708969116211","21.92708969116211"
"14761","87.57398223876953","87.57398223876953","87.57398223876953"
"15070","63.9922981262207","63.9922981262207","63.9922981262207"
"15074","95.71129608154297","95.71129608154297","95.71129608154297"
"15091","13.198423385620117","13.198423385620117","13.198423385620117"
"15411","84.9481430053711","84.9481430053711","84.9481430053711"
"15415","69.69523620605469","69.69523620605469","69.69523620605469"
"15728","47.301483154296875","47.301483154296875","47.301483154296875"
"15732","56.00071334838867","56.00071334838867","56.00071334838867"
"15739","80.97659301757812","80.97659301757812","80.97659301757812"
"16059","67.45722961425781","67.45722961425781","67.45722961425781"
"16063","82.52845764160156","82.52845764160156","82.52845764160156"
"16383","71.33489227294922","71.33489227294922","71.33489227294922"
"16387","151.27601623535156","151.27601623535156","151.27601623535156"
"16654","174.50393676757812","174.50393676757812","174.50393676757812"
"16658","129.71351623535156","129.71351623535156","129.71351623535156"
"16712","201.97476196289062","201.97476196289062","201.97476196289062"
"17031","149.2933349609375","149.2933349609375","149.2933349609375"
"17035","223.1107177734375","223.1107177734375","223.1107177734375"
"17317","232.99073791503906","232.99073791503906","232.99073791503906"
"17321","264.4561767578125","264.4561767578125","264.4561767578125"
"17365","243.42440795898438","243.42440795898438","243.42440795898438"
"17685","204.27044677734375","204.27044677734375","204.27044677734375"
"17689","296.0860595703125","296.0860595703125","296.0860595703125"
"17978","210.1252899169922","210.1252899169922","210.1252899169922"
"17982","264.3306579589844","264.3306579589844","264.3306579589844"
"18010","238.4560089111328","238.4560089111328","238.4560089111328"
"18329","242.60435485839844","242.60435485839844","242.60435485839844"
"18333","289.8515625","289.8515625","289.8515625"
"18638","287.7906799316406","287.7906799316406","287.7906799316406"
"18642","322.6955871582031","322.6955871582031","322.6955871582031"
"18659","401.7831115722656","401.7831115722656","401.7831115722656"
"18979","320.8581237792969","320.8581237792969","320.8581237792969"
"18983","282.8572082519531","282.8572082519531","282.8572082519531"
"19302","368.9107666015625","368.9107666015625","368.9107666015625"
"19306","390.4385070800781","390.4385070800781","390.4385070800781"
"19313","411.8634948730469","411.8634948730469","411.8634948730469"
"19632","306.44940185546875","306.44940185546875","306.44940185546875"
"19636","377.481201171875","377.481201171875","377.481201171875"
"19956","351.2073669433594","351.2073669433594","351.2073669433594"
"19960","389.4922180175781","389.4922180175781","389.4922180175781"
"20225","387.88189697265625","387.88189697265625","387.88189697265625"
"20229","375.05218505859375","375.05218505859375","375.05218505859375"
"20286","366.39202880859375","366.39202880859375","366.39202880859375"
"20603","292.6283264160156","292.6283264160156","292.6283264160156"
"20607","353.0261535644531","353.0261535644531","353.0261535644531"
"20886","361.74468994140625","361.74468994140625","361.74468994140625"
"20890","252.85079956054688","252.85079956054688","252.85079956054688"
"20933","336.92596435546875","336.92596435546875","336.92596435546875"
"21258","339.9990539550781","339.9990539550781","339.9990539550781"
"21262","290.0837097167969","290.0837097167969","290.0837097167969"
"21549","304.6142578125","304.6142578125","304.6142578125"
"21553","298.7678527832031","298.7678527832031","298.7678527832031"
"21588","293.7729797363281","293.7729797363281","293.7729797363281"
"21908","321.27203369140625","321.27203369140625","321.27203369140625"
"21912","297.5158386230469","297.5158386230469","297.5158386230469"
"22209","276.1727600097656","276.1727600097656","276.1727600097656"
"22213","293.49334716796875","293.49334716796875","293.49334716796875"
"22238","405.00347900390625","405.00347900390625","405.00347900390625"
"22555","361.1346130371094","361.1346130371094","361.1346130371094"
"22559","405.5135498046875","405.5135498046875","405.5135498046875"
"22869","435.5245361328125","435.5245361328125","435.5245361328125"
"22873","481.322265625","481.322265625","481.322265625"
"22885","446.6155700683594","446.6155700683594","446.6155700683594"
"23207","424.7727966308594","424.7727966308594","424.7727966308594"
"23211","419.1082458496094","419.1082458496094","419.1082458496094"
"23529","434.0841369628906","434.0841369628906","434.0841369628906"
"23533","506.12841796875","506.12841796875","506.12841796875"
"23796","579.7582397460938","579.7582397460938","579.7582397460938"
"23800","530.4505615234375","530.4505615234375","530.4505615234375"
"23860","494.61346435546875","494.61346435546875","494.61346435546875"
"24178","479.752685546875","479.752685546875","479.752685546875"
"24182","498.1463317871094","498.1463317871094","498.1463317871094"
"24458","485.2625732421875","485.2625732421875","485.2625732421875"
"24462","530.4575805664062","530.4575805664062","530.4575805664062"
"24509","563.1077270507812","563.1077270507812","563.1077270507812"
"24828","613.6094360351562","613.6094360351562","613.6094360351562"
"24832","631.18310546875","631.18310546875","631.18310546875"
"25120","575.4085693359375","575.4085693359375","575.4085693359375"
"25124","609.021484375","609.021484375","609.021484375"
"25160","586.9901733398438","586.9901733398438","586.9901733398438"
"25478","645.1396484375","645.1396484375","645.1396484375"
"25482","633.09326171875","633.09326171875","633.09326171875"
"25782","646.0184326171875","646.0184326171875","646.0184326171875"
"25786","669.8472290039062","669.8472290039062","669.8472290039062"
"25808","649.6347045898438","649.6347045898438","649.6347045898438"
"26127","659.3724365234375","659.3724365234375","659.3724365234375"
"26131","656.7503662109375","656.7503662109375","656.7503662109375"
"26442","673.8765258789062","673.8765258789062","673.8765258789062"
"26446","695.6856689453125","695.6856689453125","695.6856689453125"
"26455","685.2552490234375","685.2552490234375","685.2552490234375"
"26778","665.9297485351562","665.9297485351562","665.9297485351562"
"26782","700.7777099609375","700.7777099609375","700.7777099609375"
"27101","698.4729614257812","698.4729614257812","698.4729614257812"
"27105","732.4722290039062","732.4722290039062","732.4722290039062"
"27370","700.9051513671875","700.9051513671875","700.9051513671875"
"27374","731.6344604492188","731.6344604492188","731.6344604492188"
"27428","719.7718505859375","719.7718505859375","719.7718505859375"
"27746","739.0111694335938","739.0111694335938","739.0111694335938"
"27750","738.9222412109375","738.9222412109375","738.9222412109375"
"28033","798.9595336914062","798.9595336914062","798.9595336914062"
"28037","704.4241333007812","704.4241333007812","704.4241333007812"
"28080","790.4888305664062","790.4888305664062","790.4888305664062"
"28399","793.6257934570312","793.6257934570312","793.6257934570312"
"28403","800.615478515625","800.615478515625","800.615478515625"
"28692","793.0623168945312","793.0623168945312","793.0623168945312"
"28696","785.5258178710938","785.5258178710938","785.5258178710938"
"28730","795.6024780273438","795.6024780273438","795.6024780273438"
"29048","740.1566772460938","740.1566772460938","740.1566772460938"
"29052","795.6608276367188","795.6608276367188","795.6608276367188"
"29352","792.4558715820312","792.4558715820312","792.4558715820312"
"29356","782.9569091796875","782.9569091796875","782.9569091796875"
"29379","809.0859375","809.0859375","809.0859375"
"29699","821.3956298828125","821.3956298828125","821.3956298828125"
"29703","825.0416870117188","825.0416870117188","825.0416870117188"
"30018","855.6219482421875","855.6219482421875","855.6219482421875"
"30022","821.2883911132812","821.2883911132812","821.2883911132812"
"30029","806.8822631835938","806.8822631835938","806.8822631835938"
"30348","804.7621459960938","804.7621459960938","804.7621459960938"
"30352","828.9993286132812","828.9993286132812","828.9993286132812"
"30671","811.5807495117188","811.5807495117188","811.5807495117188"
"30675","781.5723266601562","781.5723266601562","781.5723266601562"
"30945","790.3043823242188","790.3043823242188","790.3043823242188"
"30949","856.4400634765625","856.4400634765625","856.4400634765625"
"31006","833.5771484375","833.5771484375","833.5771484375"
"31325","812.2145385742188","812.2145385742188","812.2145385742188"
"31329","818.3131103515625","818.3131103515625","818.3131103515625"
"31606","856.4453735351562","856.4453735351562","856.4453735351562"
"31610","815.556884765625","815.556884765625","815.556884765625"
"31656","812.373046875","812.373046875","812.373046875"
"31971","832.9556274414062","832.9556274414062","832.9556274414062"
"31975","794.7838745117188","794.7838745117188","794.7838745117188"
"32268","842.2595825195312","842.2595825195312","842.2595825195312"
"32272","860.727783203125","860.727783203125","860.727783203125"
"32305","814.698486328125","814.698486328125","814.698486328125"
"32624","845.349365234375","845.349365234375","845.349365234375"
"32628","852.4141235351562","852.4141235351562","852.4141235351562"
"32930","854.1624755859375","854.1624755859375","854.1624755859375"
"32934","795.7481689453125","795.7481689453125","795.7481689453125"
"32954","867.5693359375","867.5693359375","867.5693359375"
"33270","862.1261596679688","862.1261596679688","862.1261596679688"
"33274","846.0804443359375","846.0804443359375","846.0804443359375"
"33594","835.9464721679688","835.9464721679688","835.9464721679688"
"33598","814.601806640625","814.601806640625","814.601806640625"
"33604","852.3939819335938","852.3939819335938","852.3939819335938"
"33921","860.2409057617188","860.2409057617188","860.2409057617188"
"33925","840.2147216796875","840.2147216796875","840.2147216796875"
"34236","837.580078125","837.580078125","837.580078125"
"34240","855.27685546875","855.27685546875","855.27685546875"
"34518","851.8206787109375","851.8206787109375","851.8206787109375"
"34522","850.0419921875","850.0419921875","850.0419921875"
"34566","858.7225341796875","858.7225341796875","858.7225341796875"
"34888","869.4644165039062","869.4644165039062","869.4644165039062"
"34892","830.8292846679688","830.8292846679688","830.8292846679688"
"35182","869.8786010742188","869.8786010742188","869.8786010742188"
"35186","875.5181274414062","875.5181274414062","875.5181274414062"
"35218","852.5248413085938","852.5248413085938","852.5248413085938"
"35538","847.171875","847.171875","847.171875"
"35542","837.4888305664062","837.4888305664062","837.4888305664062"
"35845","849.4921875","849.4921875","849.4921875"
"35849","860.2562866210938","860.2562866210938","860.2562866210938"
"35871","853.7498779296875","853.7498779296875","853.7498779296875"
"36188","824.2110595703125","824.2110595703125","824.2110595703125"
"36192","858.875244140625","858.875244140625","858.875244140625"
"36504","847.9098510742188","847.9098510742188","847.9098510742188"
"36508","880.6829223632812","880.6829223632812","880.6829223632812"
"36512","849.8463134765625","849.8463134765625","849.8463134765625"
"36824","864.1405029296875","864.1405029296875","864.1405029296875"
"36828","827.5376586914062","827.5376586914062","827.5376586914062"
"37144","879.782470703125","879.782470703125","879.782470703125"
"37148","874.0455932617188","874.0455932617188","874.0455932617188"
"37434","856.8402099609375","856.8402099609375","856.8402099609375"
"37438","885.5572509765625","885.5572509765625","885.5572509765625"
"37473","859.557373046875","859.557373046875","859.557373046875"
"37790","831.8792724609375","831.8792724609375","831.8792724609375"
"37794","855.0679321289062","855.0679321289062","855.0679321289062"
"38093","882.1722412109375","882.1722412109375","882.1722412109375"
"38097","871.3613891601562","871.3613891601562","871.3613891601562"
"38119","898.9970092773438","898.9970092773438","898.9970092773438"
"38442","874.6878051757812","874.6878051757812","874.6878051757812"
"38446","843.7874145507812","843.7874145507812","843.7874145507812"
"38758","885.197998046875","885.197998046875","885.197998046875"
"38762","865.0595092773438","865.0595092773438","865.0595092773438"
"38771","881.4818725585938","881.4818725585938","881.4818725585938"