"Step","rare-brook-31 - rewards/iter","rare-brook-31 - rewards/iter__MIN","rare-brook-31 - rewards/iter__MAX"
"294","-1057.2301025390625","-1057.2301025390625","-1057.2301025390625"
"298","-1053.926025390625","-1053.926025390625","-1053.926025390625"
"618","-1071.3021240234375","-1071.3021240234375","-1071.3021240234375"
"622","-1060.531494140625","-1060.531494140625","-1060.531494140625"
"918","-1051.2811279296875","-1051.2811279296875","-1051.2811279296875"
"922","-1038.2977294921875","-1038.2977294921875","-1038.2977294921875"
"946","-1028.6201171875","-1028.6201171875","-1028.6201171875"
"1260","-1003.596923828125","-1003.596923828125","-1003.596923828125"
"1264","-1026.5142822265625","-1026.5142822265625","-1026.5142822265625"
"1578","-935.9910888671875","-935.9910888671875","-935.9910888671875"
"1582","-810.677490234375","-810.677490234375","-810.677490234375"
"1590","-790.4887084960938","-790.4887084960938","-790.4887084960938"
"1910","-753.0715942382812","-753.0715942382812","-753.0715942382812"
"1914","-646.1920776367188","-646.1920776367188","-646.1920776367188"
"2230","-540.7293090820312","-540.7293090820312","-540.7293090820312"
"2234","-365.716552734375","-365.716552734375","-365.716552734375"
"2506","-326.2631530761719","-326.2631530761719","-326.2631530761719"
"2510","-270.0936584472656","-270.0936584472656","-270.0936584472656"
"2556","-248.09426879882812","-248.09426879882812","-248.09426879882812"
"2870","-253.16981506347656","-253.16981506347656","-253.16981506347656"
"2874","-255.14495849609375","-255.14495849609375","-255.14495849609375"
"3166","-265.7943420410156","-265.7943420410156","-265.7943420410156"
"3170","-214.982177734375","-214.982177734375","-214.982177734375"
"3198","-219.0413055419922","-219.0413055419922","-219.0413055419922"
"3516","-227.33091735839844","-227.33091735839844","-227.33091735839844"
"3520","-203.57052612304688","-203.57052612304688","-203.57052612304688"
"3826","-193.2488250732422","-193.2488250732422","-193.2488250732422"
"3830","-182.1590118408203","-182.1590118408203","-182.1590118408203"
"3842","-194.49850463867188","-194.49850463867188","-194.49850463867188"
"4162","-172.69483947753906","-172.69483947753906","-172.69483947753906"
"4166","-176.54974365234375","-176.54974365234375","-176.54974365234375"
"4482","-198.2525177001953","-198.2525177001953","-198.2525177001953"
"4486","-176.77777099609375","-176.77777099609375","-176.77777099609375"
"4756","-181.31753540039062","-181.31753540039062","-181.31753540039062"
"4760","-225.71263122558594","-225.71263122558594","-225.71263122558594"
"4804","-205.0755615234375","-205.0755615234375","-205.0755615234375"
"5120","-174.62545776367188","-174.62545776367188","-174.62545776367188"
"5124","-167.44346618652344","-167.44346618652344","-167.44346618652344"
"5414","-152.70150756835938","-152.70150756835938","-152.70150756835938"
"5418","-141.27381896972656","-141.27381896972656","-141.27381896972656"
"5448","-154.7409210205078","-154.7409210205078","-154.7409210205078"
"5764","-168.5033721923828","-168.5033721923828","-168.5033721923828"
"5768","-176.07736206054688","-176.07736206054688","-176.07736206054688"
"6074","-183.67718505859375","-183.67718505859375","-183.67718505859375"
"6078","-160.93833923339844","-160.93833923339844","-160.93833923339844"
"6092","-173.4093780517578","-173.4093780517578","-173.4093780517578"
"6408","-169.24359130859375","-169.24359130859375","-169.24359130859375"
"6412","-192.1317596435547","-192.1317596435547","-192.1317596435547"
"6732","-156.352294921875","-156.352294921875","-156.352294921875"
"6736","-159.54415893554688","-159.54415893554688","-159.54415893554688"
"7002","-177.05255126953125","-177.05255126953125","-177.05255126953125"
"7006","-184.3246612548828","-184.3246612548828","-184.3246612548828"
"7060","-170.23876953125","-170.23876953125","-170.23876953125"
"7376","-178.087158203125","-178.087158203125","-178.087158203125"
"7380","-182.96072387695312","-182.96072387695312","-182.96072387695312"
"7662","-161.3694610595703","-161.3694610595703","-161.3694610595703"
"7666","-163.85472106933594","-163.85472106933594","-163.85472106933594"
"7706","-172.2025146484375","-172.2025146484375","-172.2025146484375"
"8022","-165.73765563964844","-165.73765563964844","-165.73765563964844"
"8026","-164.30551147460938","-164.30551147460938","-164.30551147460938"
"8322","-155.01229858398438","-155.01229858398438","-155.01229858398438"
"8326","-144.45555114746094","-144.45555114746094","-144.45555114746094"
"8348","-94.83067321777344","-94.83067321777344","-94.83067321777344"
"8664","-69.28564453125","-69.28564453125","-69.28564453125"
"8668","-67.49537658691406","-67.49537658691406","-67.49537658691406"
"8988","-71.0537109375","-71.0537109375","-71.0537109375"
"8992","-89.09415435791016","-89.09415435791016","-89.09415435791016"
"9250","-116.42042541503906","-116.42042541503906","-116.42042541503906"
"9254","-71.55046081542969","-71.55046081542969","-71.55046081542969"
"9312","-109.39686584472656","-109.39686584472656","-109.39686584472656"
"9628","-77.86214447021484","-77.86214447021484","-77.86214447021484"
"9632","-94.69454193115234","-94.69454193115234","-94.69454193115234"
"9910","-39.688926696777344","-39.688926696777344","-39.688926696777344"
"9914","-30.04868507385254","-30.04868507385254","-30.04868507385254"
"9954","-2.058927536010742","-2.058927536010742","-2.058927536010742"
"10270","-68.26026153564453","-68.26026153564453","-68.26026153564453"
"10274","-99.82594299316406","-99.82594299316406","-99.82594299316406"
"10570","-112.98100280761719","-112.98100280761719","-112.98100280761719"
"10574","-81.01760864257812","-81.01760864257812","-81.01760864257812"
"10594","-68.46687316894531","-68.46687316894531","-68.46687316894531"
"10910","-77.4720458984375","-77.4720458984375","-77.4720458984375"
"10914","-110.63282012939453","-110.63282012939453","-110.63282012939453"
"11232","-80.70153045654297","-80.70153045654297","-80.70153045654297"
"11236","-94.43311309814453","-94.43311309814453","-94.43311309814453"
"11498","-69.52055358886719","-69.52055358886719","-69.52055358886719"
"11502","-67.71918487548828","-67.71918487548828","-67.71918487548828"
"11562","-98.44782257080078","-98.44782257080078","-98.44782257080078"
"11876","-43.94239044189453","-43.94239044189453","-43.94239044189453"
"11880","-48.59946823120117","-48.59946823120117","-48.59946823120117"
"12158","-66.03861999511719","-66.03861999511719","-66.03861999511719"
"12162","-62.15515899658203","-62.15515899658203","-62.15515899658203"
"12204","7.396609783172607","7.396609783172607","7.396609783172607"
"12518","8.90671157836914","8.90671157836914","8.90671157836914"
"12522","-27.788036346435547","-27.788036346435547","-27.788036346435547"
"12818","31.272001266479492","31.272001266479492","31.272001266479492"
"12822","62.99238204956055","62.99238204956055","62.99238204956055"
"12844","46.6923713684082","46.6923713684082","46.6923713684082"
"13160","67.74337005615234","67.74337005615234","67.74337005615234"
"13164","18.499876022338867","18.499876022338867","18.499876022338867"
"13478","82.12238311767578","82.12238311767578","82.12238311767578"
"13482","23.810848236083984","23.810848236083984","23.810848236083984"
"13488","36.200687408447266","36.200687408447266","36.200687408447266"
"13804","54.899349212646484","54.899349212646484","54.899349212646484"
"13808","84.58089447021484","84.58089447021484","84.58089447021484"
"14124","128.70030212402344","128.70030212402344","128.70030212402344"
"14128","142.91506958007812","142.91506958007812","142.91506958007812"
"14408","76.11933135986328","76.11933135986328","76.11933135986328"
"14412","50.84418869018555","50.84418869018555","50.84418869018555"
"14452","82.67841339111328","82.67841339111328","82.67841339111328"
"14770","94.66139221191406","94.66139221191406","94.66139221191406"
"14774","146.67929077148438","146.67929077148438","146.67929077148438"
"15066","152.06553649902344","152.06553649902344","152.06553649902344"
"15070","128.83993530273438","128.83993530273438","128.83993530273438"
"15096","97.41014099121094","97.41014099121094","97.41014099121094"
"15414","149.49037170410156","149.49037170410156","149.49037170410156"
"15418","83.08590698242188","83.08590698242188","83.08590698242188"
"15724","157.87281799316406","157.87281799316406","157.87281799316406"
"15728","57.4340705871582","57.4340705871582","57.4340705871582"
"15744","161.62574768066406","161.62574768066406","161.62574768066406"
"16062","175.76284790039062","175.76284790039062","175.76284790039062"
"16066","195.03656005859375","195.03656005859375","195.03656005859375"
"16378","167.37001037597656","167.37001037597656","167.37001037597656"
"16382","129.49925231933594","129.49925231933594","129.49925231933594"
"16656","174.5869140625","174.5869140625","174.5869140625"
"16660","109.71854400634766","109.71854400634766","109.71854400634766"
"16708","111.05072784423828","111.05072784423828","111.05072784423828"
"17024","190.1858673095703","190.1858673095703","190.1858673095703"
"17028","200.6461639404297","200.6461639404297","200.6461639404297"
"17314","206.28517150878906","206.28517150878906","206.28517150878906"
"17318","186.47886657714844","186.47886657714844","186.47886657714844"
"17348","164.28976440429688","164.28976440429688","164.28976440429688"
"17664","211.57485961914062","211.57485961914062","211.57485961914062"
"17668","217.39697265625","217.39697265625","217.39697265625"
"17976","241.4764404296875","241.4764404296875","241.4764404296875"
"17980","245.68621826171875","245.68621826171875","245.68621826171875"
"17990","199.5074005126953","199.5074005126953","199.5074005126953"
"18312","276.9349670410156","276.9349670410156","276.9349670410156"
"18316","291.9114074707031","291.9114074707031","291.9114074707031"
"18628","266.57733154296875","266.57733154296875","266.57733154296875"
"18632","288.2732238769531","288.2732238769531","288.2732238769531"
"18902","295.14898681640625","295.14898681640625","295.14898681640625"
"18906","302.3717041015625","302.3717041015625","302.3717041015625"
"18954","353.7744445800781","353.7744445800781","353.7744445800781"
"19272","403.8273620605469","403.8273620605469","403.8273620605469"
"19276","409.2418212890625","409.2418212890625","409.2418212890625"
"19562","408.4613342285156","408.4613342285156","408.4613342285156"
"19566","274.2367248535156","274.2367248535156","274.2367248535156"
"19598","320.9079284667969","320.9079284667969","320.9079284667969"
"19914","355.5303955078125","355.5303955078125","355.5303955078125"
"19918","416.82904052734375","416.82904052734375","416.82904052734375"
"20224","425.7019348144531","425.7019348144531","425.7019348144531"
"20228","437.263427734375","437.263427734375","437.263427734375"
"20246","414.1600341796875","414.1600341796875","414.1600341796875"
"20562","468.0088806152344","468.0088806152344","468.0088806152344"
"20566","427.2190856933594","427.2190856933594","427.2190856933594"
"20882","514.953125","514.953125","514.953125"
"20886","536.2958374023438","536.2958374023438","536.2958374023438"
"21150","550.1987915039062","550.1987915039062","550.1987915039062"
"21154","541.9508666992188","541.9508666992188","541.9508666992188"
"21208","552.3807373046875","552.3807373046875","552.3807373046875"
"21526","552.0023193359375","552.0023193359375","552.0023193359375"
"21530","534.9387817382812","534.9387817382812","534.9387817382812"
"21810","505.64697265625","505.64697265625","505.64697265625"
"21814","537.9009399414062","537.9009399414062","537.9009399414062"
"21854","605.899658203125","605.899658203125","605.899658203125"
"22174","613.2662353515625","613.2662353515625","613.2662353515625"
"22178","579.5916137695312","579.5916137695312","579.5916137695312"
"22474","581.7318115234375","581.7318115234375","581.7318115234375"
"22478","579.328125","579.328125","579.328125"
"22500","617.4072875976562","617.4072875976562","617.4072875976562"
"22816","608.42626953125","608.42626953125","608.42626953125"
"22820","628.056884765625","628.056884765625","628.056884765625"
"23134","657.5243530273438","657.5243530273438","657.5243530273438"
"23138","646.9197387695312","646.9197387695312","646.9197387695312"
"23144","654.1602783203125","654.1602783203125","654.1602783203125"
"23456","692.4002685546875","692.4002685546875","692.4002685546875"
"23460","651.7293701171875","651.7293701171875","651.7293701171875"
"23780","680.8685302734375","680.8685302734375","680.8685302734375"
"23784","648.192138671875","648.192138671875","648.192138671875"
"24062","616.489501953125","616.489501953125","616.489501953125"
"24066","711.1616821289062","711.1616821289062","711.1616821289062"
"24106","653.8230590820312","653.8230590820312","653.8230590820312"
"24420","661.657958984375","661.657958984375","661.657958984375"
"24424","670.594970703125","670.594970703125","670.594970703125"
"24722","683.3161010742188","683.3161010742188","683.3161010742188"
"24726","670.6637573242188","670.6637573242188","670.6637573242188"
"24748","673.1929321289062","673.1929321289062","673.1929321289062"
"25064","658.0271606445312","658.0271606445312","658.0271606445312"
"25068","679.0651245117188","679.0651245117188","679.0651245117188"
"25386","770.7615356445312","770.7615356445312","770.7615356445312"
"25390","721.6983642578125","721.6983642578125","721.6983642578125"
"25396","721.18310546875","721.18310546875","721.18310546875"
"25710","705.3536376953125","705.3536376953125","705.3536376953125"
"25714","751.1612548828125","751.1612548828125","751.1612548828125"
"26030","749.8906860351562","749.8906860351562","749.8906860351562"
"26034","629.2716674804688","629.2716674804688","629.2716674804688"
"26310","719.123046875","719.123046875","719.123046875"
"26314","767.4888305664062","767.4888305664062","767.4888305664062"
"26358","740.2077026367188","740.2077026367188","740.2077026367188"
"26674","692.505615234375","692.505615234375","692.505615234375"
"26678","767.7240600585938","767.7240600585938","767.7240600585938"
"26974","796.491455078125","796.491455078125","796.491455078125"
"26978","743.475830078125","743.475830078125","743.475830078125"
"27008","679.4888305664062","679.4888305664062","679.4888305664062"
"27324","751.6495971679688","751.6495971679688","751.6495971679688"
"27328","731.4070434570312","731.4070434570312","731.4070434570312"
"27634","756.9285888671875","756.9285888671875","756.9285888671875"
"27638","750.2302856445312","750.2302856445312","750.2302856445312"
"27652","726.8787841796875","726.8787841796875","726.8787841796875"
"27966","728.2244873046875","728.2244873046875","728.2244873046875"
"27970","731.2276611328125","731.2276611328125","731.2276611328125"
"28292","744.3983154296875","744.3983154296875","744.3983154296875"
"28296","753.2919921875","753.2919921875","753.2919921875"
"28562","722.1749267578125","722.1749267578125","722.1749267578125"
"28566","771.3561401367188","771.3561401367188","771.3561401367188"
"28620","745.1875","745.1875","745.1875"
"28936","770.0009155273438","770.0009155273438","770.0009155273438"
"28940","750.99951171875","750.99951171875","750.99951171875"
"29222","745.665283203125","745.665283203125","745.665283203125"
"29226","774.8809204101562","774.8809204101562","774.8809204101562"
"29264","724.6619262695312","724.6619262695312","724.6619262695312"
"29584","783.216064453125","783.216064453125","783.216064453125"
"29588","704.6722412109375","704.6722412109375","704.6722412109375"
"29886","781.8850708007812","781.8850708007812","781.8850708007812"
"29890","822.047119140625","822.047119140625","822.047119140625"
"29912","759.3572387695312","759.3572387695312","759.3572387695312"
"30226","788.0980224609375","788.0980224609375","788.0980224609375"
"30230","778.2889404296875","778.2889404296875","778.2889404296875"
"30546","733.4822387695312","733.4822387695312","733.4822387695312"
"30550","824.037109375","824.037109375","824.037109375"
"30554","770.5764770507812","770.5764770507812","770.5764770507812"
"30870","801.6452026367188","801.6452026367188","801.6452026367188"
"30874","796.562744140625","796.562744140625","796.562744140625"
"31196","747.6351928710938","747.6351928710938","747.6351928710938"
"31200","741.9933471679688","741.9933471679688","741.9933471679688"
"31472","817.0709228515625","817.0709228515625","817.0709228515625"
"31476","791.0868530273438","791.0868530273438","791.0868530273438"
"31522","782.7077026367188","782.7077026367188","782.7077026367188"
"31830","796.639892578125","796.639892578125","796.639892578125"
"31834","826.906982421875","826.906982421875","826.906982421875"
"32134","761.6759033203125","761.6759033203125","761.6759033203125"
"32138","822.4874267578125","822.4874267578125","822.4874267578125"
"32156","825.410888671875","825.410888671875","825.410888671875"
"32472","768.5969848632812","768.5969848632812","768.5969848632812"
"32476","800.714599609375","800.714599609375","800.714599609375"
"32790","819.461181640625","819.461181640625","819.461181640625"
"32794","797.58349609375","797.58349609375","797.58349609375"
"33060","785.3883666992188","785.3883666992188","785.3883666992188"
"33064","761.4342041015625","761.4342041015625","761.4342041015625"
"33118","756.696533203125","756.696533203125","756.696533203125"
"33434","783.0846557617188","783.0846557617188","783.0846557617188"
"33438","820.23828125","820.23828125","820.23828125"
"33724","801.1287841796875","801.1287841796875","801.1287841796875"
"33728","837.8429565429688","837.8429565429688","837.8429565429688"
"33766","793.4561767578125","793.4561767578125","793.4561767578125"
"34084","816.5613403320312","816.5613403320312","816.5613403320312"
"34088","818.1728515625","818.1728515625","818.1728515625"
"34386","820.2869262695312","820.2869262695312","820.2869262695312"
"34390","816.9373779296875","816.9373779296875","816.9373779296875"
"34412","848.053955078125","848.053955078125","848.053955078125"
"34726","850.9169921875","850.9169921875","850.9169921875"
"34730","817.4531860351562","817.4531860351562","817.4531860351562"
"35048","729.3524780273438","729.3524780273438","729.3524780273438"
"35052","795.1085815429688","795.1085815429688","795.1085815429688"
"35314","760.30615234375","760.30615234375","760.30615234375"
"35318","841.7665405273438","841.7665405273438","841.7665405273438"
"35376","758.650634765625","758.650634765625","758.650634765625"
"35694","772.0263671875","772.0263671875","772.0263671875"
"35698","807.4085693359375","807.4085693359375","807.4085693359375"
"35974","824.543212890625","824.543212890625","824.543212890625"
"35978","821.7872314453125","821.7872314453125","821.7872314453125"
"36022","808.46044921875","808.46044921875","808.46044921875"
"36342","777.3331298828125","777.3331298828125","777.3331298828125"
"36346","822.3792114257812","822.3792114257812","822.3792114257812"
"36636","780.7379760742188","780.7379760742188","780.7379760742188"
"36640","808.0877075195312","808.0877075195312","808.0877075195312"
"36668","807.8648071289062","807.8648071289062","807.8648071289062"
"36982","778.5616455078125","778.5616455078125","778.5616455078125"
"36986","779.4573974609375","779.4573974609375","779.4573974609375"
"37300","777.0087280273438","777.0087280273438","777.0087280273438"
"37304","798.2243041992188","798.2243041992188","798.2243041992188"
"37310","834.799072265625","834.799072265625","834.799072265625"
"37628","798.3003540039062","798.3003540039062","798.3003540039062"
"37632","797.3519287109375","797.3519287109375","797.3519287109375"
"37948","816.1022338867188","816.1022338867188","816.1022338867188"
"37952","803.9227294921875","803.9227294921875","803.9227294921875"
"38226","777.0877075195312","777.0877075195312","777.0877075195312"
"38230","831.5656127929688","831.5656127929688","831.5656127929688"
"38276","797.2933349609375","797.2933349609375","797.2933349609375"
"38594","809.2030029296875","809.2030029296875","809.2030029296875"
"38598","814.5997314453125","814.5997314453125","814.5997314453125"
"38890","807.6596069335938","807.6596069335938","807.6596069335938"
"38894","811.7501220703125","811.7501220703125","811.7501220703125"
"38922","794.4467163085938","794.4467163085938","794.4467163085938"
"39238","821.1357421875","821.1357421875","821.1357421875"
"39242","826.5457763671875","826.5457763671875","826.5457763671875"
"39552","782.1934204101562","782.1934204101562","782.1934204101562"
"39556","741.5768432617188","741.5768432617188","741.5768432617188"
"39566","780.4039916992188","780.4039916992188","780.4039916992188"
"39884","813.8916015625","813.8916015625","813.8916015625"
"39888","808.5419311523438","808.5419311523438","808.5419311523438"
"40208","813.7659301757812","813.7659301757812","813.7659301757812"
"40212","812.4929809570312","812.4929809570312","812.4929809570312"
"40476","777.9928588867188","777.9928588867188","777.9928588867188"
"40480","758.6962890625","758.6962890625","758.6962890625"
"40534","749.2391357421875","749.2391357421875","749.2391357421875"
"40850","825.49169921875","825.49169921875","825.49169921875"
"40854","713.8402099609375","713.8402099609375","713.8402099609375"
"41138","796.1069946289062","796.1069946289062","796.1069946289062"
"41142","774.9066162109375","774.9066162109375","774.9066162109375"
"41176","819.7478637695312","819.7478637695312","819.7478637695312"
"41496","801.9124145507812","801.9124145507812","801.9124145507812"
"41500","771.4322509765625","771.4322509765625","771.4322509765625"
"41802","806.7667846679688","806.7667846679688","806.7667846679688"
"41806","814.7935180664062","814.7935180664062","814.7935180664062"
"41822","788.8162841796875","788.8162841796875","788.8162841796875"
"42140","829.721435546875","829.721435546875","829.721435546875"
"42144","810.3340454101562","810.3340454101562","810.3340454101562"
"42464","730.985595703125","730.985595703125","730.985595703125"
"42468","772.9800415039062","772.9800415039062","772.9800415039062"
"42728","808.1253051757812","808.1253051757812","808.1253051757812"
"42732","794.4755859375","794.4755859375","794.4755859375"
"42792","772.3094482421875","772.3094482421875","772.3094482421875"
"43106","795.1292724609375","795.1292724609375","795.1292724609375"
"43110","793.4384765625","793.4384765625","793.4384765625"
"43390","787.7570190429688","787.7570190429688","787.7570190429688"
"43394","782.7598876953125","782.7598876953125","782.7598876953125"
"43430","817.7817993164062","817.7817993164062","817.7817993164062"
"43750","792.6948852539062","792.6948852539062","792.6948852539062"
"43754","798.3257446289062","798.3257446289062","798.3257446289062"
"44052","861.3999633789062","861.3999633789062","861.3999633789062"
"44056","800.9285278320312","800.9285278320312","800.9285278320312"
"44076","822.0022583007812","822.0022583007812","822.0022583007812"
"44392","830.7904663085938","830.7904663085938","830.7904663085938"
"44396","798.4208984375","798.4208984375","798.4208984375"
"44712","783.4450073242188","783.4450073242188","783.4450073242188"
"44716","796.9013671875","796.9013671875","796.9013671875"
"44982","839.8583984375","839.8583984375","839.8583984375"
"44986","811.2388305664062","811.2388305664062","811.2388305664062"
"45042","839.1849975585938","839.1849975585938","839.1849975585938"
"45358","824.0903930664062","824.0903930664062","824.0903930664062"
"45362","782.0198364257812","782.0198364257812","782.0198364257812"
"45642","817.0261840820312","817.0261840820312","817.0261840820312"
"45646","814.4892578125","814.4892578125","814.4892578125"
"45682","794.7088623046875","794.7088623046875","794.7088623046875"
"45998","808.7692260742188","808.7692260742188","808.7692260742188"
"46002","803.3734741210938","803.3734741210938","803.3734741210938"
"46304","801.9263916015625","801.9263916015625","801.9263916015625"
"46308","841.056884765625","841.056884765625","841.056884765625"
"46328","795.09521484375","795.09521484375","795.09521484375"
"46644","781.0210571289062","781.0210571289062","781.0210571289062"
"46648","850.38427734375","850.38427734375","850.38427734375"
"46964","793.3801879882812","793.3801879882812","793.3801879882812"
"46968","789.1908569335938","789.1908569335938","789.1908569335938"
"47230","782.825439453125","782.825439453125","782.825439453125"
"47234","798.1671142578125","798.1671142578125","798.1671142578125"
"47290","835.45849609375","835.45849609375","835.45849609375"
"47612","820.1585083007812","820.1585083007812","820.1585083007812"
"47616","835.2096557617188","835.2096557617188","835.2096557617188"
"47894","824.525146484375","824.525146484375","824.525146484375"
"47898","808.275146484375","808.275146484375","808.275146484375"
"47936","787.9041748046875","787.9041748046875","787.9041748046875"
"48250","860.7074584960938","860.7074584960938","860.7074584960938"
"48254","789.5469360351562","789.5469360351562","789.5469360351562"
"48558","794.5164794921875","794.5164794921875","794.5164794921875"
"48562","790.1868286132812","790.1868286132812","790.1868286132812"
"48582","799.5797729492188","799.5797729492188","799.5797729492188"
"48896","827.7318725585938","827.7318725585938","827.7318725585938"
"48900","778.001220703125","778.001220703125","778.001220703125"
"49214","784.4949340820312","784.4949340820312","784.4949340820312"
"49218","839.700439453125","839.700439453125","839.700439453125"
"49482","814.4981689453125","814.4981689453125","814.4981689453125"
"49486","794.9431762695312","794.9431762695312","794.9431762695312"
"49542","788.9129028320312","788.9129028320312","788.9129028320312"
"49864","836.3720092773438","836.3720092773438","836.3720092773438"
"49868","828.2813110351562","828.2813110351562","828.2813110351562"
"50146","846.445556640625","846.445556640625","846.445556640625"
"50150","813.0875854492188","813.0875854492188","813.0875854492188"
"50188","794.1773071289062","794.1773071289062","794.1773071289062"
"50504","771.9989013671875","771.9989013671875","771.9989013671875"
"50508","826.9283447265625","826.9283447265625","826.9283447265625"
"50806","830.0556640625","830.0556640625","830.0556640625"
"50810","870.0487060546875","870.0487060546875","870.0487060546875"
"50832","845.0687255859375","845.0687255859375","845.0687255859375"
"51152","800.9657592773438","800.9657592773438","800.9657592773438"
"51156","811.91796875","811.91796875","811.91796875"
"51470","831.6255493164062","831.6255493164062","831.6255493164062"
"51474","856.756103515625","856.756103515625","856.756103515625"
"51480","855.0059204101562","855.0059204101562","855.0059204101562"
"51796","821.5467529296875","821.5467529296875","821.5467529296875"
"51800","817.8176879882812","817.8176879882812","817.8176879882812"
"52118","796.4310913085938","796.4310913085938","796.4310913085938"
"52122","814.577880859375","814.577880859375","814.577880859375"
"52400","819.474853515625","819.474853515625","819.474853515625"
"52404","797.621337890625","797.621337890625","797.621337890625"
"52444","804.5592651367188","804.5592651367188","804.5592651367188"
"52758","793.0838623046875","793.0838623046875","793.0838623046875"
"52762","825.238525390625","825.238525390625","825.238525390625"
"53058","849.5755004882812","849.5755004882812","849.5755004882812"
"53062","792.3206787109375","792.3206787109375","792.3206787109375"
"53084","828.0096435546875","828.0096435546875","828.0096435546875"
"53400","852.283935546875","852.283935546875","852.283935546875"
"53404","804.90966796875","804.90966796875","804.90966796875"
"53720","853.560302734375","853.560302734375","853.560302734375"
"53724","854.5266723632812","854.5266723632812","854.5266723632812"
"53988","775.7655029296875","775.7655029296875","775.7655029296875"
"53992","837.47802734375","837.47802734375","837.47802734375"
"54048","853.0880126953125","853.0880126953125","853.0880126953125"
"54362","851.6925048828125","851.6925048828125","851.6925048828125"
"54366","814.1848754882812","814.1848754882812","814.1848754882812"
"54650","853.8013916015625","853.8013916015625","853.8013916015625"
"54654","836.328125","836.328125","836.328125"
"54694","830.7525634765625","830.7525634765625","830.7525634765625"
"55006","852.3370361328125","852.3370361328125","852.3370361328125"
"55010","859.7379760742188","859.7379760742188","859.7379760742188"
"55312","807.2163696289062","807.2163696289062","807.2163696289062"
"55316","850.544677734375","850.544677734375","850.544677734375"
"55332","863.4710693359375","863.4710693359375","863.4710693359375"
"55650","822.591064453125","822.591064453125","822.591064453125"
"55654","806.1471557617188","806.1471557617188","806.1471557617188"
"55970","828.130126953125","828.130126953125","828.130126953125"
"55974","842.2677001953125","842.2677001953125","842.2677001953125"
"56240","848.2457885742188","848.2457885742188","848.2457885742188"
"56244","821.4507446289062","821.4507446289062","821.4507446289062"
"56296","840.9653930664062","840.9653930664062","840.9653930664062"
"56614","831.9677124023438","831.9677124023438","831.9677124023438"
"56618","857.7930297851562","857.7930297851562","857.7930297851562"
"56902","867.0112915039062","867.0112915039062","867.0112915039062"
"56906","814.0572509765625","814.0572509765625","814.0572509765625"
"56944","830.2710571289062","830.2710571289062","830.2710571289062"
"57256","798.8967895507812","798.8967895507812","798.8967895507812"
"57260","856.76708984375","856.76708984375","856.76708984375"
"57562","876.1234130859375","876.1234130859375","876.1234130859375"
"57566","860.6102294921875","860.6102294921875","860.6102294921875"
"57584","827.9066162109375","827.9066162109375","827.9066162109375"
"57896","808.0673217773438","808.0673217773438","808.0673217773438"
"57900","839.171142578125","839.171142578125","839.171142578125"
"58220","869.4360961914062","869.4360961914062","869.4360961914062"
"58224","854.3798828125","854.3798828125","854.3798828125"
"58490","843.1969604492188","843.1969604492188","843.1969604492188"
"58494","828.2811279296875","828.2811279296875","828.2811279296875"
"58548","791.5821533203125","791.5821533203125","791.5821533203125"
"58864","798.9345703125","798.9345703125","798.9345703125"
"58868","824.6533203125","824.6533203125","824.6533203125"
"59152","841.9716796875","841.9716796875","841.9716796875"
"59156","848.0064086914062","848.0064086914062","848.0064086914062"
"59194","810.411865234375","810.411865234375","810.411865234375"
"59508","864.8748779296875","864.8748779296875","864.8748779296875"
"59512","858.77734375","858.77734375","858.77734375"
"59816","838.6439819335938","838.6439819335938","838.6439819335938"
"59820","833.931884765625","833.931884765625","833.931884765625"
"59836","828.5755004882812","828.5755004882812","828.5755004882812"
"60152","842.6717529296875","842.6717529296875","842.6717529296875"
"60156","849.0994262695312","849.0994262695312","849.0994262695312"
"60476","863.9300537109375","863.9300537109375","863.9300537109375"
"60480","837.4473266601562","837.4473266601562","837.4473266601562"
"60742","858.2731323242188","858.2731323242188","858.2731323242188"
"60746","834.9547729492188","834.9547729492188","834.9547729492188"
"60802","833.98828125","833.98828125","833.98828125"
"61118","834.33740234375","834.33740234375","834.33740234375"
"61122","841.4155883789062","841.4155883789062","841.4155883789062"
"61400","849.7760009765625","849.7760009765625","849.7760009765625"
"61404","824.3508911132812","824.3508911132812","824.3508911132812"
"61446","826.8358154296875","826.8358154296875","826.8358154296875"
"61764","828.1284790039062","828.1284790039062","828.1284790039062"
"61768","842.928955078125","842.928955078125","842.928955078125"
"62066","848.6932373046875","848.6932373046875","848.6932373046875"
"62070","842.171142578125","842.171142578125","842.171142578125"
"62092","798.3698120117188","798.3698120117188","798.3698120117188"
"62408","808.4308471679688","808.4308471679688","808.4308471679688"
"62412","828.8265991210938","828.8265991210938","828.8265991210938"
"62730","831.7472534179688","831.7472534179688","831.7472534179688"
"62734","822.1588134765625","822.1588134765625","822.1588134765625"
"62738","841.099609375","841.099609375","841.099609375"
"63054","865.4739379882812","865.4739379882812","865.4739379882812"
"63058","808.408447265625","808.408447265625","808.408447265625"
"63372","824.6033935546875","824.6033935546875","824.6033935546875"
"63376","829.250244140625","829.250244140625","829.250244140625"
"63654","866.22802734375","866.22802734375","866.22802734375"
"63658","825.880126953125","825.880126953125","825.880126953125"
"63696","813.1312255859375","813.1312255859375","813.1312255859375"
"64012","810.152099609375","810.152099609375","810.152099609375"
"64016","859.423583984375","859.423583984375","859.423583984375"
"64318","833.2822265625","833.2822265625","833.2822265625"
"64322","853.2980346679688","853.2980346679688","853.2980346679688"
"64334","861.9822387695312","861.9822387695312","861.9822387695312"
"64648","799.75146484375","799.75146484375","799.75146484375"
"64652","804.7938842773438","804.7938842773438","804.7938842773438"
"64966","778.968505859375","778.968505859375","778.968505859375"
"64970","856.5455322265625","856.5455322265625","856.5455322265625"
"65244","832.842041015625","832.842041015625","832.842041015625"
"65248","831.9356079101562","831.9356079101562","831.9356079101562"
"65292","797.3549194335938","797.3549194335938","797.3549194335938"
"65604","832.0316162109375","832.0316162109375","832.0316162109375"
"65608","862.1705932617188","862.1705932617188","862.1705932617188"
"65908","847.7310791015625","847.7310791015625","847.7310791015625"
"65912","858.9664916992188","858.9664916992188","858.9664916992188"
"65930","829.9803466796875","829.9803466796875","829.9803466796875"