"Step","eager-universe-7 - global_step","eager-universe-7 - global_step__MIN","eager-universe-7 - global_step__MAX"
"297","1","1","1"
"298","54","54","54"
"299","54","54","54"
"300","54","54","54"
"301","16384","16384","16384"
"302","16384","16384","16384"
"303","16384","16384","16384"
"620","16384","16384","16384"
"621","32768","32768","32768"
"622","32768","32768","32768"
"623","32768","32768","32768"
"624","32768","32768","32768"
"625","49152","49152","49152"
"626","49152","49152","49152"
"627","49152","49152","49152"
"916","49152","49152","49152"
"917","65536","65536","65536"
"918","65536","65536","65536"
"919","65536","65536","65536"
"920","65536","65536","65536"
"921","81920","81920","81920"
"922","81920","81920","81920"
"923","81920","81920","81920"
"948","81920","81920","81920"
"949","98304","98304","98304"
"950","98304","98304","98304"
"951","98304","98304","98304"
"1269","98304","98304","98304"
"1270","114688","114688","114688"
"1271","114688","114688","114688"
"1272","114688","114688","114688"
"1273","114688","114688","114688"
"1274","131072","131072","131072"
"1275","131072","131072","131072"
"1276","131072","131072","131072"
"1581","131072","131072","131072"
"1582","147456","147456","147456"
"1583","147456","147456","147456"
"1584","147456","147456","147456"
"1585","147456","147456","147456"
"1586","163840","163840","163840"
"1587","163840","163840","163840"
"1588","163840","163840","163840"
"1594","163840","163840","163840"
"1595","180224","180224","180224"
"1596","180224","180224","180224"
"1597","180224","180224","180224"
"1910","180224","180224","180224"
"1911","196608","196608","196608"
"1912","196608","196608","196608"
"1913","196608","196608","196608"
"1914","196608","196608","196608"
"1915","212992","212992","212992"
"1916","212992","212992","212992"
"1917","212992","212992","212992"
"2226","212992","212992","212992"
"2227","229376","229376","229376"
"2228","229376","229376","229376"
"2229","229376","229376","229376"
"2230","229376","229376","229376"
"2231","245760","245760","245760"
"2232","245760","245760","245760"
"2233","245760","245760","245760"
"2506","245760","245760","245760"
"2507","262144","262144","262144"
"2508","262144","262144","262144"
"2509","262144","262144","262144"
"2510","262144","262144","262144"
"2511","278528","278528","278528"
"2512","278528","278528","278528"
"2513","278528","278528","278528"
"2556","278528","278528","278528"
"2557","294912","294912","294912"
"2558","294912","294912","294912"
"2559","294912","294912","294912"
"2875","294912","294912","294912"
"2876","311296","311296","311296"
"2877","311296","311296","311296"
"2878","311296","311296","311296"
"2879","311296","311296","311296"
"2880","327680","327680","327680"
"2881","327680","327680","327680"
"2882","327680","327680","327680"
"3164","327680","327680","327680"
"3165","344064","344064","344064"
"3166","344064","344064","344064"
"3167","344064","344064","344064"
"3168","344064","344064","344064"
"3169","360448","360448","360448"
"3170","360448","360448","360448"
"3171","360448","360448","360448"
"3198","360448","360448","360448"
"3199","376832","376832","376832"
"3200","376832","376832","376832"
"3201","376832","376832","376832"
"3521","376832","376832","376832"
"3522","393216","393216","393216"
"3523","393216","393216","393216"
"3524","393216","393216","393216"
"3525","393216","393216","393216"
"3526","409600","409600","409600"
"3527","409600","409600","409600"
"3528","409600","409600","409600"
"3829","409600","409600","409600"
"3830","425984","425984","425984"
"3831","425984","425984","425984"
"3832","425984","425984","425984"
"3833","425984","425984","425984"
"3834","442368","442368","442368"
"3835","442368","442368","442368"
"3836","442368","442368","442368"
"3850","442368","442368","442368"
"3851","458752","458752","458752"
"3852","458752","458752","458752"
"3853","458752","458752","458752"
"4169","458752","458752","458752"
"4170","475136","475136","475136"
"4171","475136","475136","475136"
"4172","475136","475136","475136"
"4173","475136","475136","475136"
"4174","491520","491520","491520"
"4175","491520","491520","491520"
"4176","491520","491520","491520"
"4488","491520","491520","491520"
"4489","507904","507904","507904"
"4490","507904","507904","507904"
"4491","507904","507904","507904"
"4492","507904","507904","507904"
"4493","524288","524288","524288"
"4494","524288","524288","524288"
"4495","524288","524288","524288"
"4496","524288","524288","524288"
"4497","540672","540672","540672"
"4498","540672","540672","540672"
"4499","540672","540672","540672"
"4815","540672","540672","540672"
"4816","557056","557056","557056"
"4817","557056","557056","557056"
"4818","557056","557056","557056"
"4819","557056","557056","557056"
"4820","573440","573440","573440"
"4821","573440","573440","573440"
"4822","573440","573440","573440"
"5137","573440","573440","573440"
"5138","589824","589824","589824"
"5139","589824","589824","589824"
"5140","589824","589824","589824"
"5141","589824","589824","589824"
"5142","606208","606208","606208"
"5143","606208","606208","606208"
"5144","606208","606208","606208"
"5413","606208","606208","606208"
"5414","622592","622592","622592"
"5415","622592","622592","622592"
"5416","622592","622592","622592"
"5417","622592","622592","622592"
"5418","638976","638976","638976"
"5419","638976","638976","638976"
"5420","638976","638976","638976"
"5466","638976","638976","638976"
"5467","655360","655360","655360"
"5468","655360","655360","655360"
"5469","655360","655360","655360"
"5785","655360","655360","655360"
"5786","671744","671744","671744"
"5787","671744","671744","671744"
"5788","671744","671744","671744"
"5789","671744","671744","671744"
"5790","688128","688128","688128"
"5791","688128","688128","688128"
"5792","688128","688128","688128"
"6076","688128","688128","688128"
"6077","704512","704512","704512"
"6078","704512","704512","704512"
"6079","704512","704512","704512"
"6080","704512","704512","704512"
"6081","720896","720896","720896"
"6082","720896","720896","720896"
"6083","720896","720896","720896"
"6119","720896","720896","720896"
"6120","737280","737280","737280"
"6121","737280","737280","737280"
"6122","737280","737280","737280"
"6437","737280","737280","737280"
"6438","753664","753664","753664"
"6439","753664","753664","753664"
"6440","753664","753664","753664"
"6441","753664","753664","753664"
"6442","770048","770048","770048"
"6443","770048","770048","770048"
"6444","770048","770048","770048"
"6736","770048","770048","770048"
"6737","786432","786432","786432"
"6738","786432","786432","786432"
"6739","786432","786432","786432"
"6740","786432","786432","786432"
"6741","802816","802816","802816"
"6742","802816","802816","802816"
"6743","802816","802816","802816"
"6766","802816","802816","802816"
"6767","819200","819200","819200"
"6768","819200","819200","819200"
"6769","819200","819200","819200"
"7084","819200","819200","819200"
"7085","835584","835584","835584"
"7086","835584","835584","835584"
"7087","835584","835584","835584"
"7088","835584","835584","835584"
"7089","851968","851968","851968"
"7090","851968","851968","851968"
"7091","851968","851968","851968"
"7395","851968","851968","851968"
"7396","868352","868352","868352"
"7397","868352","868352","868352"
"7398","868352","868352","868352"
"7399","868352","868352","868352"
"7400","884736","884736","884736"
"7401","884736","884736","884736"
"7402","884736","884736","884736"
"7414","884736","884736","884736"
"7415","901120","901120","901120"
"7416","901120","901120","901120"
"7417","901120","901120","901120"
"7733","901120","901120","901120"
"7734","917504","917504","917504"
"7735","917504","917504","917504"
"7736","917504","917504","917504"
"7737","917504","917504","917504"
"7738","933888","933888","933888"
"7739","933888","933888","933888"
"7740","933888","933888","933888"
"8054","933888","933888","933888"
"8055","950272","950272","950272"
"8056","950272","950272","950272"
"8057","950272","950272","950272"
"8058","950272","950272","950272"
"8059","966656","966656","966656"
"8060","966656","966656","966656"
"8061","966656","966656","966656"
"8321","966656","966656","966656"
"8322","983040","983040","983040"
"8323","983040","983040","983040"
"8324","983040","983040","983040"
"8325","983040","983040","983040"
"8326","999424","999424","999424"
"8327","999424","999424","999424"
"8328","999424","999424","999424"
"8388","999424","999424","999424"
"8389","1015808","1015808","1015808"
"8390","1015808","1015808","1015808"
"8391","1015808","1015808","1015808"
"8706","1015808","1015808","1015808"
"8707","1032192","1032192","1032192"
"8708","1032192","1032192","1032192"
"8709","1032192","1032192","1032192"
"8710","1032192","1032192","1032192"
"8711","1048576","1048576","1048576"
"8712","1048576","1048576","1048576"
"8713","1048576","1048576","1048576"
"8983","1048576","1048576","1048576"
"8984","1064960","1064960","1064960"
"8985","1064960","1064960","1064960"
"8986","1064960","1064960","1064960"
"8987","1064960","1064960","1064960"
"8988","1081344","1081344","1081344"
"8989","1081344","1081344","1081344"
"8990","1081344","1081344","1081344"
"9033","1081344","1081344","1081344"
"9034","1097728","1097728","1097728"
"9035","1097728","1097728","1097728"
"9036","1097728","1097728","1097728"
"9351","1097728","1097728","1097728"
"9352","1114112","1114112","1114112"
"9353","1114112","1114112","1114112"
"9354","1114112","1114112","1114112"
"9355","1114112","1114112","1114112"
"9356","1130496","1130496","1130496"
"9357","1130496","1130496","1130496"
"9358","1130496","1130496","1130496"
"9644","1130496","1130496","1130496"
"9645","1146880","1146880","1146880"
"9646","1146880","1146880","1146880"
"9647","1146880","1146880","1146880"
"9648","1146880","1146880","1146880"
"9649","1163264","1163264","1163264"
"9650","1163264","1163264","1163264"
"9651","1163264","1163264","1163264"
"9678","1163264","1163264","1163264"
"9679","1179648","1179648","1179648"
"9680","1179648","1179648","1179648"
"9681","1179648","1179648","1179648"
"9997","1179648","1179648","1179648"
"9998","1196032","1196032","1196032"
"9999","1196032","1196032","1196032"
"10000","1196032","1196032","1196032"
"10001","1196032","1196032","1196032"
"10002","1212416","1212416","1212416"
"10003","1212416","1212416","1212416"
"10004","1212416","1212416","1212416"
"10303","1212416","1212416","1212416"
"10304","1228800","1228800","1228800"
"10305","1228800","1228800","1228800"
"10306","1228800","1228800","1228800"
"10307","1228800","1228800","1228800"
"10308","1245184","1245184","1245184"
"10309","1245184","1245184","1245184"
"10310","1245184","1245184","1245184"
"10327","1245184","1245184","1245184"
"10328","1261568","1261568","1261568"
"10329","1261568","1261568","1261568"
"10330","1261568","1261568","1261568"
"10646","1261568","1261568","1261568"
"10647","1277952","1277952","1277952"
"10648","1277952","1277952","1277952"
"10649","1277952","1277952","1277952"
"10650","1277952","1277952","1277952"
"10651","1294336","1294336","1294336"
"10652","1294336","1294336","1294336"
"10653","1294336","1294336","1294336"
"10967","1294336","1294336","1294336"
"10968","1310720","1310720","1310720"
"10969","1310720","1310720","1310720"
"10970","1310720","1310720","1310720"
"10971","1310720","1310720","1310720"
"10972","1327104","1327104","1327104"
"10973","1327104","1327104","1327104"
"10974","1327104","1327104","1327104"
"10981","1327104","1327104","1327104"
"10982","1343488","1343488","1343488"
"10983","1343488","1343488","1343488"
"10984","1343488","1343488","1343488"
"11296","1343488","1343488","1343488"
"11297","1359872","1359872","1359872"
"11298","1359872","1359872","1359872"
"11299","1359872","1359872","1359872"
"11300","1359872","1359872","1359872"
"11301","1376256","1376256","1376256"
"11302","1376256","1376256","1376256"
"11303","1376256","1376256","1376256"
"11619","1376256","1376256","1376256"
"11620","1392640","1392640","1392640"
"11621","1392640","1392640","1392640"
"11622","1392640","1392640","1392640"
"11623","1392640","1392640","1392640"
"11624","1409024","1409024","1409024"
"11625","1409024","1409024","1409024"
"11626","1409024","1409024","1409024"
"11893","1409024","1409024","1409024"
"11894","1425408","1425408","1425408"
"11895","1425408","1425408","1425408"
"11896","1425408","1425408","1425408"
"11897","1425408","1425408","1425408"
"11898","1441792","1441792","1441792"
"11899","1441792","1441792","1441792"
"11900","1441792","1441792","1441792"
"11949","1441792","1441792","1441792"
"11950","1458176","1458176","1458176"
"11951","1458176","1458176","1458176"
"11952","1458176","1458176","1458176"
"12266","1458176","1458176","1458176"
"12267","1474560","1474560","1474560"
"12268","1474560","1474560","1474560"
"12269","1474560","1474560","1474560"
"12270","1474560","1474560","1474560"
"12271","1490944","1490944","1490944"
"12272","1490944","1490944","1490944"
"12273","1490944","1490944","1490944"
"12552","1490944","1490944","1490944"
"12553","1507328","1507328","1507328"
"12554","1507328","1507328","1507328"
"12555","1507328","1507328","1507328"
"12556","1507328","1507328","1507328"
"12557","1523712","1523712","1523712"
"12558","1523712","1523712","1523712"
"12559","1523712","1523712","1523712"
"12597","1523712","1523712","1523712"
"12598","1540096","1540096","1540096"
"12599","1540096","1540096","1540096"
"12600","1540096","1540096","1540096"
"12916","1540096","1540096","1540096"
"12917","1556480","1556480","1556480"
"12918","1556480","1556480","1556480"
"12919","1556480","1556480","1556480"
"12920","1556480","1556480","1556480"
"12921","1572864","1572864","1572864"
"12922","1572864","1572864","1572864"
"12923","1572864","1572864","1572864"
"13216","1572864","1572864","1572864"
"13217","1589248","1589248","1589248"
"13218","1589248","1589248","1589248"
"13219","1589248","1589248","1589248"
"13220","1589248","1589248","1589248"
"13221","1605632","1605632","1605632"
"13222","1605632","1605632","1605632"
"13223","1605632","1605632","1605632"
"13250","1605632","1605632","1605632"
"13251","1622016","1622016","1622016"
"13252","1622016","1622016","1622016"
"13253","1622016","1622016","1622016"
"13562","1622016","1622016","1622016"
"13563","1638400","1638400","1638400"
"13564","1638400","1638400","1638400"
"13565","1638400","1638400","1638400"
"13566","1638400","1638400","1638400"
"13567","1654784","1654784","1654784"
"13568","1654784","1654784","1654784"
"13569","1654784","1654784","1654784"
"13877","1654784","1654784","1654784"
"13878","1671168","1671168","1671168"
"13879","1671168","1671168","1671168"
"13881","1671168","1671168","1671168"
"13882","1671168","1671168","1671168"
"13883","1687552","1687552","1687552"
"13884","1687552","1687552","1687552"
"13885","1687552","1687552","1687552"
"13886","1687552","1687552","1687552"
"13887","1703936","1703936","1703936"
"13888","1703936","1703936","1703936"
"13889","1703936","1703936","1703936"
"14203","1703936","1703936","1703936"
"14204","1720320","1720320","1720320"
"14205","1720320","1720320","1720320"
"14206","1720320","1720320","1720320"
"14207","1720320","1720320","1720320"
"14208","1736704","1736704","1736704"
"14209","1736704","1736704","1736704"
"14210","1736704","1736704","1736704"
"14525","1736704","1736704","1736704"
"14526","1753088","1753088","1753088"
"14527","1753088","1753088","1753088"
"14528","1753088","1753088","1753088"
"14529","1753088","1753088","1753088"
"14530","1769472","1769472","1769472"
"14531","1769472","1769472","1769472"
"14532","1769472","1769472","1769472"
"14802","1769472","1769472","1769472"
"14803","1785856","1785856","1785856"
"14804","1785856","1785856","1785856"
"14805","1785856","1785856","1785856"
"14806","1785856","1785856","1785856"
"14807","1802240","1802240","1802240"
"14808","1802240","1802240","1802240"
"14809","1802240","1802240","1802240"
"14854","1802240","1802240","1802240"
"14855","1818624","1818624","1818624"
"14856","1818624","1818624","1818624"
"14857","1818624","1818624","1818624"
"15172","1818624","1818624","1818624"
"15173","1835008","1835008","1835008"
"15174","1835008","1835008","1835008"
"15175","1835008","1835008","1835008"
"15176","1835008","1835008","1835008"
"15177","1851392","1851392","1851392"
"15178","1851392","1851392","1851392"
"15179","1851392","1851392","1851392"
"15466","1851392","1851392","1851392"
"15467","1867776","1867776","1867776"
"15468","1867776","1867776","1867776"
"15469","1867776","1867776","1867776"
"15470","1867776","1867776","1867776"
"15471","1884160","1884160","1884160"
"15472","1884160","1884160","1884160"
"15473","1884160","1884160","1884160"
"15505","1884160","1884160","1884160"
"15506","1900544","1900544","1900544"
"15507","1900544","1900544","1900544"
"15508","1900544","1900544","1900544"
"15821","1900544","1900544","1900544"
"15822","1916928","1916928","1916928"
"15823","1916928","1916928","1916928"
"15824","1916928","1916928","1916928"
"15825","1916928","1916928","1916928"
"15826","1933312","1933312","1933312"
"15827","1933312","1933312","1933312"
"15828","1933312","1933312","1933312"
"16125","1933312","1933312","1933312"
"16126","1949696","1949696","1949696"
"16127","1949696","1949696","1949696"
"16128","1949696","1949696","1949696"
"16129","1949696","1949696","1949696"
"16130","1966080","1966080","1966080"
"16131","1966080","1966080","1966080"
"16132","1966080","1966080","1966080"
"16152","1966080","1966080","1966080"
"16153","1982464","1982464","1982464"
"16154","1982464","1982464","1982464"
"16155","1982464","1982464","1982464"
"16470","1982464","1982464","1982464"
"16471","1998848","1998848","1998848"
"16472","1998848","1998848","1998848"
"16473","1998848","1998848","1998848"
"16474","1998848","1998848","1998848"
"16475","2015232","2015232","2015232"
"16476","2015232","2015232","2015232"
"16477","2015232","2015232","2015232"
"16784","2015232","2015232","2015232"
"16785","2031616","2031616","2031616"
"16786","2031616","2031616","2031616"
"16787","2031616","2031616","2031616"
"16788","2031616","2031616","2031616"
"16789","2048000","2048000","2048000"
"16790","2048000","2048000","2048000"
"16791","2048000","2048000","2048000"
"16800","2048000","2048000","2048000"
"16801","2064384","2064384","2064384"
"16802","2064384","2064384","2064384"
"16803","2064384","2064384","2064384"
"17119","2064384","2064384","2064384"
"17120","2080768","2080768","2080768"
"17121","2080768","2080768","2080768"
"17122","2080768","2080768","2080768"
"17123","2080768","2080768","2080768"
"17124","2097152","2097152","2097152"
"17125","2097152","2097152","2097152"
"17126","2097152","2097152","2097152"
"17441","2097152","2097152","2097152"
"17442","2113536","2113536","2113536"
"17443","2113536","2113536","2113536"
"17444","2113536","2113536","2113536"
"17445","2113536","2113536","2113536"
"17446","2129920","2129920","2129920"
"17447","2129920","2129920","2129920"
"17448","2129920","2129920","2129920"
"17712","2129920","2129920","2129920"
"17713","2146304","2146304","2146304"
"17714","2146304","2146304","2146304"
"17715","2146304","2146304","2146304"
"17716","2146304","2146304","2146304"
"17717","2162688","2162688","2162688"
"17718","2162688","2162688","2162688"
"17719","2162688","2162688","2162688"
"17772","2162688","2162688","2162688"
"17773","2179072","2179072","2179072"
"17774","2179072","2179072","2179072"
"17775","2179072","2179072","2179072"
"18090","2179072","2179072","2179072"
"18091","2195456","2195456","2195456"
"18092","2195456","2195456","2195456"
"18093","2195456","2195456","2195456"
"18094","2195456","2195456","2195456"
"18095","2211840","2211840","2211840"
"18096","2211840","2211840","2211840"
"18097","2211840","2211840","2211840"
"18372","2211840","2211840","2211840"
"18373","2228224","2228224","2228224"
"18374","2228224","2228224","2228224"
"18375","2228224","2228224","2228224"
"18376","2228224","2228224","2228224"
"18377","2244608","2244608","2244608"
"18378","2244608","2244608","2244608"
"18379","2244608","2244608","2244608"
"18419","2244608","2244608","2244608"
"18420","2260992","2260992","2260992"
"18421","2260992","2260992","2260992"
"18422","2260992","2260992","2260992"
"18735","2260992","2260992","2260992"
"18736","2277376","2277376","2277376"
"18737","2277376","2277376","2277376"
"18738","2277376","2277376","2277376"
"18739","2277376","2277376","2277376"
"18740","2293760","2293760","2293760"
"18741","2293760","2293760","2293760"
"18742","2293760","2293760","2293760"
"19033","2293760","2293760","2293760"
"19034","2310144","2310144","2310144"
"19035","2310144","2310144","2310144"
"19036","2310144","2310144","2310144"
"19037","2310144","2310144","2310144"
"19038","2326528","2326528","2326528"
"19039","2326528","2326528","2326528"
"19040","2326528","2326528","2326528"
"19064","2326528","2326528","2326528"
"19065","2342912","2342912","2342912"
"19066","2342912","2342912","2342912"
"19067","2342912","2342912","2342912"
"19382","2342912","2342912","2342912"
"19383","2359296","2359296","2359296"
"19384","2359296","2359296","2359296"
"19385","2359296","2359296","2359296"
"19386","2359296","2359296","2359296"
"19387","2375680","2375680","2375680"
"19388","2375680","2375680","2375680"
"19389","2375680","2375680","2375680"
"19695","2375680","2375680","2375680"
"19696","2392064","2392064","2392064"
"19697","2392064","2392064","2392064"
"19698","2392064","2392064","2392064"
"19699","2392064","2392064","2392064"
"19700","2408448","2408448","2408448"
"19701","2408448","2408448","2408448"
"19702","2408448","2408448","2408448"
"19714","2408448","2408448","2408448"
"19715","2424832","2424832","2424832"
"19716","2424832","2424832","2424832"
"19717","2424832","2424832","2424832"
"20028","2424832","2424832","2424832"
"20029","2441216","2441216","2441216"
"20030","2441216","2441216","2441216"
"20031","2441216","2441216","2441216"
"20032","2441216","2441216","2441216"
"20033","2457600","2457600","2457600"
"20034","2457600","2457600","2457600"
"20035","2457600","2457600","2457600"
"20349","2457600","2457600","2457600"
"20350","2473984","2473984","2473984"
"20351","2473984","2473984","2473984"
"20352","2473984","2473984","2473984"
"20353","2473984","2473984","2473984"
"20354","2490368","2490368","2490368"
"20355","2490368","2490368","2490368"
"20356","2490368","2490368","2490368"
"20619","2490368","2490368","2490368"
"20620","2506752","2506752","2506752"
"20621","2506752","2506752","2506752"
"20622","2506752","2506752","2506752"
"20623","2506752","2506752","2506752"
"20624","2523136","2523136","2523136"
"20625","2523136","2523136","2523136"
"20626","2523136","2523136","2523136"
"20677","2523136","2523136","2523136"
"20678","2539520","2539520","2539520"
"20679","2539520","2539520","2539520"
"20680","2539520","2539520","2539520"
"20991","2539520","2539520","2539520"
"20992","2555904","2555904","2555904"
"20993","2555904","2555904","2555904"
"20994","2555904","2555904","2555904"
"20995","2555904","2555904","2555904"
"20996","2572288","2572288","2572288"
"20997","2572288","2572288","2572288"
"20998","2572288","2572288","2572288"
"21281","2572288","2572288","2572288"
"21282","2588672","2588672","2588672"
"21283","2588672","2588672","2588672"
"21284","2588672","2588672","2588672"
"21285","2588672","2588672","2588672"
"21286","2605056","2605056","2605056"
"21287","2605056","2605056","2605056"
"21288","2605056","2605056","2605056"
"21317","2605056","2605056","2605056"
"21318","2621440","2621440","2621440"
"21319","2621440","2621440","2621440"
"21320","2621440","2621440","2621440"
"21637","2621440","2621440","2621440"
"21638","2637824","2637824","2637824"
"21639","2637824","2637824","2637824"
"21640","2637824","2637824","2637824"
"21641","2637824","2637824","2637824"
"21642","2654208","2654208","2654208"
"21643","2654208","2654208","2654208"
"21644","2654208","2654208","2654208"
"21945","2654208","2654208","2654208"
"21946","2670592","2670592","2670592"
"21947","2670592","2670592","2670592"
"21948","2670592","2670592","2670592"
"21949","2670592","2670592","2670592"
"21950","2686976","2686976","2686976"
"21951","2686976","2686976","2686976"
"21952","2686976","2686976","2686976"
"21965","2686976","2686976","2686976"
"21966","2703360","2703360","2703360"
"21967","2703360","2703360","2703360"
"21968","2703360","2703360","2703360"
"22279","2703360","2703360","2703360"
"22280","2719744","2719744","2719744"
"22281","2719744","2719744","2719744"
"22282","2719744","2719744","2719744"
"22283","2719744","2719744","2719744"
"22284","2736128","2736128","2736128"
"22285","2736128","2736128","2736128"
"22286","2736128","2736128","2736128"
"22601","2736128","2736128","2736128"
"22602","2752512","2752512","2752512"
"22603","2752512","2752512","2752512"
"22604","2752512","2752512","2752512"
"22605","2752512","2752512","2752512"
"22606","2768896","2768896","2768896"
"22607","2768896","2768896","2768896"
"22608","2768896","2768896","2768896"
"22869","2768896","2768896","2768896"
"22870","2785280","2785280","2785280"
"22871","2785280","2785280","2785280"
"22872","2785280","2785280","2785280"
"22873","2785280","2785280","2785280"
"22874","2801664","2801664","2801664"
"22875","2801664","2801664","2801664"
"22876","2801664","2801664","2801664"
"22929","2801664","2801664","2801664"
"22930","2818048","2818048","2818048"
"22931","2818048","2818048","2818048"
"22932","2818048","2818048","2818048"
"23250","2818048","2818048","2818048"
"23251","2834432","2834432","2834432"
"23252","2834432","2834432","2834432"
"23253","2834432","2834432","2834432"
"23254","2834432","2834432","2834432"
"23255","2850816","2850816","2850816"
"23256","2850816","2850816","2850816"
"23257","2850816","2850816","2850816"
"23532","2850816","2850816","2850816"
"23533","2867200","2867200","2867200"
"23534","2867200","2867200","2867200"
"23535","2867200","2867200","2867200"
"23536","2867200","2867200","2867200"
"23537","2883584","2883584","2883584"
"23538","2883584","2883584","2883584"
"23539","2883584","2883584","2883584"
"23579","2883584","2883584","2883584"
"23580","2899968","2899968","2899968"
"23581","2899968","2899968","2899968"
"23582","2899968","2899968","2899968"
"23897","2899968","2899968","2899968"
"23898","2916352","2916352","2916352"
"23899","2916352","2916352","2916352"
"23900","2916352","2916352","2916352"
"23901","2916352","2916352","2916352"
"23902","2932736","2932736","2932736"
"23903","2932736","2932736","2932736"
"23904","2932736","2932736","2932736"
"24191","2932736","2932736","2932736"
"24192","2949120","2949120","2949120"
"24193","2949120","2949120","2949120"
"24194","2949120","2949120","2949120"
"24195","2949120","2949120","2949120"
"24196","2965504","2965504","2965504"
"24197","2965504","2965504","2965504"
"24198","2965504","2965504","2965504"
"24226","2965504","2965504","2965504"
"24227","2981888","2981888","2981888"
"24228","2981888","2981888","2981888"
"24229","2981888","2981888","2981888"
"24540","2981888","2981888","2981888"
"24541","2998272","2998272","2998272"
"24542","2998272","2998272","2998272"
"24543","2998272","2998272","2998272"
"24544","2998272","2998272","2998272"
"24545","3014656","3014656","3014656"
"24546","3014656","3014656","3014656"
"24547","3014656","3014656","3014656"
"24858","3014656","3014656","3014656"
"24859","3031040","3031040","3031040"
"24860","3031040","3031040","3031040"
"24861","3031040","3031040","3031040"
"24862","3031040","3031040","3031040"
"24863","3047424","3047424","3047424"
"24864","3047424","3047424","3047424"
"24865","3047424","3047424","3047424"
"24871","3047424","3047424","3047424"
"24872","3063808","3063808","3063808"
"24873","3063808","3063808","3063808"
"24874","3063808","3063808","3063808"
"25185","3063808","3063808","3063808"
"25186","3080192","3080192","3080192"
"25187","3080192","3080192","3080192"
"25188","3080192","3080192","3080192"
"25189","3080192","3080192","3080192"
"25190","3096576","3096576","3096576"
"25191","3096576","3096576","3096576"
"25192","3096576","3096576","3096576"
"25505","3096576","3096576","3096576"
"25506","3112960","3112960","3112960"
"25507","3112960","3112960","3112960"
"25508","3112960","3112960","3112960"
"25510","3112960","3112960","3112960"
"25511","3129344","3129344","3129344"
"25512","3129344","3129344","3129344"
"25513","3129344","3129344","3129344"
"25779","3129344","3129344","3129344"
"25780","3145728","3145728","3145728"
"25781","3145728","3145728","3145728"
"25782","3145728","3145728","3145728"
"25783","3145728","3145728","3145728"
"25784","3162112","3162112","3162112"
"25785","3162112","3162112","3162112"
"25786","3162112","3162112","3162112"
"25834","3162112","3162112","3162112"
"25835","3178496","3178496","3178496"
"25836","3178496","3178496","3178496"
"25837","3178496","3178496","3178496"
"26154","3178496","3178496","3178496"
"26155","3194880","3194880","3194880"
"26156","3194880","3194880","3194880"
"26157","3194880","3194880","3194880"
"26158","3194880","3194880","3194880"
"26159","3211264","3211264","3211264"
"26160","3211264","3211264","3211264"
"26161","3211264","3211264","3211264"
"26446","3211264","3211264","3211264"
"26447","3227648","3227648","3227648"
"26448","3227648","3227648","3227648"
"26449","3227648","3227648","3227648"
"26450","3227648","3227648","3227648"
"26451","3244032","3244032","3244032"
"26452","3244032","3244032","3244032"
"26453","3244032","3244032","3244032"
"26483","3244032","3244032","3244032"
"26484","3260416","3260416","3260416"
"26485","3260416","3260416","3260416"
"26486","3260416","3260416","3260416"
"26795","3260416","3260416","3260416"
"26796","3276800","3276800","3276800"
"26797","3276800","3276800","3276800"
"26798","3276800","3276800","3276800"
"26799","3276800","3276800","3276800"
"26800","3293184","3293184","3293184"
"26801","3293184","3293184","3293184"
"26802","3293184","3293184","3293184"
"27103","3293184","3293184","3293184"
"27104","3309568","3309568","3309568"
"27105","3309568","3309568","3309568"
"27106","3309568","3309568","3309568"
"27107","3309568","3309568","3309568"
"27108","3325952","3325952","3325952"
"27109","3325952","3325952","3325952"
"27110","3325952","3325952","3325952"
"27122","3325952","3325952","3325952"
"27123","3342336","3342336","3342336"
"27124","3342336","3342336","3342336"
"27125","3342336","3342336","3342336"
"27440","3342336","3342336","3342336"
"27441","3358720","3358720","3358720"
"27442","3358720","3358720","3358720"
"27443","3358720","3358720","3358720"
"27444","3358720","3358720","3358720"
"27445","3375104","3375104","3375104"
"27446","3375104","3375104","3375104"
"27447","3375104","3375104","3375104"
"27766","3375104","3375104","3375104"
"27767","3391488","3391488","3391488"
"27768","3391488","3391488","3391488"
"27769","3391488","3391488","3391488"
"27770","3391488","3391488","3391488"
"27771","3407872","3407872","3407872"
"27772","3407872","3407872","3407872"
"27773","3407872","3407872","3407872"
"28033","3407872","3407872","3407872"
"28034","3424256","3424256","3424256"
"28035","3424256","3424256","3424256"
"28036","3424256","3424256","3424256"
"28037","3424256","3424256","3424256"
"28038","3440640","3440640","3440640"
"28039","3440640","3440640","3440640"
"28040","3440640","3440640","3440640"
"28094","3440640","3440640","3440640"
"28095","3457024","3457024","3457024"
"28096","3457024","3457024","3457024"
"28097","3457024","3457024","3457024"
"28411","3457024","3457024","3457024"
"28412","3473408","3473408","3473408"
"28413","3473408","3473408","3473408"
"28414","3473408","3473408","3473408"
"28415","3473408","3473408","3473408"
"28416","3489792","3489792","3489792"
"28417","3489792","3489792","3489792"
"28418","3489792","3489792","3489792"
"28691","3489792","3489792","3489792"
"28692","3506176","3506176","3506176"
"28693","3506176","3506176","3506176"
"28694","3506176","3506176","3506176"
"28695","3506176","3506176","3506176"
"28696","3522560","3522560","3522560"
"28697","3522560","3522560","3522560"
"28698","3522560","3522560","3522560"
"28739","3522560","3522560","3522560"
"28740","3538944","3538944","3538944"
"28741","3538944","3538944","3538944"
"28742","3538944","3538944","3538944"
"29058","3538944","3538944","3538944"
"29059","3555328","3555328","3555328"
"29060","3555328","3555328","3555328"
"29061","3555328","3555328","3555328"
"29062","3555328","3555328","3555328"
"29063","3571712","3571712","3571712"
"29064","3571712","3571712","3571712"
"29065","3571712","3571712","3571712"
"29357","3571712","3571712","3571712"
"29358","3588096","3588096","3588096"
"29359","3588096","3588096","3588096"
"29360","3588096","3588096","3588096"
"29361","3588096","3588096","3588096"
"29362","3604480","3604480","3604480"
"29363","3604480","3604480","3604480"
"29364","3604480","3604480","3604480"
"29386","3604480","3604480","3604480"
"29387","3620864","3620864","3620864"
"29388","3620864","3620864","3620864"
"29389","3620864","3620864","3620864"
"29701","3620864","3620864","3620864"
"29702","3637248","3637248","3637248"
"29703","3637248","3637248","3637248"
"29704","3637248","3637248","3637248"
"29705","3637248","3637248","3637248"
"29706","3653632","3653632","3653632"
"29707","3653632","3653632","3653632"
"29708","3653632","3653632","3653632"
"30015","3653632","3653632","3653632"
"30016","3670016","3670016","3670016"
"30017","3670016","3670016","3670016"
"30018","3670016","3670016","3670016"
"30019","3670016","3670016","3670016"
"30020","3686400","3686400","3686400"
"30021","3686400","3686400","3686400"
"30022","3686400","3686400","3686400"
"30026","3686400","3686400","3686400"
"30027","3702784","3702784","3702784"
"30028","3702784","3702784","3702784"
"30029","3702784","3702784","3702784"
"30347","3702784","3702784","3702784"
"30348","3719168","3719168","3719168"
"30349","3719168","3719168","3719168"
"30350","3719168","3719168","3719168"
"30351","3719168","3719168","3719168"
"30352","3735552","3735552","3735552"
"30353","3735552","3735552","3735552"
"30354","3735552","3735552","3735552"
"30666","3735552","3735552","3735552"
"30667","3751936","3751936","3751936"
"30668","3751936","3751936","3751936"
"30669","3751936","3751936","3751936"
"30670","3751936","3751936","3751936"
"30671","3768320","3768320","3768320"
"30672","3768320","3768320","3768320"
"30673","3768320","3768320","3768320"
"30945","3768320","3768320","3768320"
"30946","3784704","3784704","3784704"
"30947","3784704","3784704","3784704"
"30948","3784704","3784704","3784704"
"30949","3784704","3784704","3784704"
"30950","3801088","3801088","3801088"
"30951","3801088","3801088","3801088"
"30952","3801088","3801088","3801088"
"30991","3801088","3801088","3801088"
"30992","3817472","3817472","3817472"
"30993","3817472","3817472","3817472"
"30994","3817472","3817472","3817472"
"31304","3817472","3817472","3817472"
"31305","3833856","3833856","3833856"
"31306","3833856","3833856","3833856"
"31307","3833856","3833856","3833856"
"31308","3833856","3833856","3833856"
"31309","3850240","3850240","3850240"
"31310","3850240","3850240","3850240"
"31311","3850240","3850240","3850240"
"31609","3850240","3850240","3850240"
"31610","3866624","3866624","3866624"
"31611","3866624","3866624","3866624"
"31612","3866624","3866624","3866624"
"31613","3866624","3866624","3866624"
"31614","3883008","3883008","3883008"
"31615","3883008","3883008","3883008"
"31616","3883008","3883008","3883008"
"31636","3883008","3883008","3883008"
"31637","3899392","3899392","3899392"
"31638","3899392","3899392","3899392"
"31639","3899392","3899392","3899392"
"31950","3899392","3899392","3899392"
"31951","3915776","3915776","3915776"
"31952","3915776","3915776","3915776"
"31953","3915776","3915776","3915776"
"31954","3915776","3915776","3915776"
"31955","3932160","3932160","3932160"
"31956","3932160","3932160","3932160"
"31957","3932160","3932160","3932160"
"32267","3932160","3932160","3932160"
"32268","3948544","3948544","3948544"
"32269","3948544","3948544","3948544"
"32270","3948544","3948544","3948544"
"32271","3948544","3948544","3948544"
"32272","3964928","3964928","3964928"
"32273","3964928","3964928","3964928"
"32274","3964928","3964928","3964928"